{"series":[{"name":"AnyHashableWithAClass i2a","voluntary_cs":0,"max_rss":4661248,"data":[278364,279066],"involuntary_cs":118,"num_iters":2},{"name":"AnyHashableWithAClass i2b","voluntary_cs":0,"max_rss":4702208,"data":[280089,281086],"involuntary_cs":112,"num_iters":2},{"name":"AnyHashableWithAClass i2c","voluntary_cs":0,"max_rss":4661248,"data":[282287,281642],"involuntary_cs":102,"num_iters":2},{"name":"AnyHashableWithAClass i2d","voluntary_cs":0,"max_rss":4661248,"data":[280682,278829],"involuntary_cs":102,"num_iters":2},{"name":"AnyHashableWithAClass i2e","voluntary_cs":0,"max_rss":4661248,"data":[280080,280200],"involuntary_cs":106,"num_iters":2},{"name":"AnyHashableWithAClass i1a","voluntary_cs":0,"max_rss":4653056,"data":[297516,290890,290688,289074],"involuntary_cs":142,"num_iters":1},{"name":"AnyHashableWithAClass i1b","voluntary_cs":0,"max_rss":4653056,"data":[284293,285772,285541,281781],"involuntary_cs":118,"num_iters":1},{"name":"AnyHashableWithAClass i1c","voluntary_cs":0,"max_rss":4653056,"data":[281746,281124,293485,281279],"involuntary_cs":114,"num_iters":1},{"name":"AnyHashableWithAClass i1d","voluntary_cs":0,"max_rss":4653056,"data":[282313,282167,282297,282822],"involuntary_cs":103,"num_iters":1},{"name":"AnyHashableWithAClass i1e","voluntary_cs":0,"max_rss":4653056,"data":[282908,283174,283050,282558],"involuntary_cs":111,"num_iters":1}],"type":"num_iters","name":"AnyHashableWithAClass"}