{"series":[{"name":"ArrayAppendStrings i2a","voluntary_cs":0,"max_rss":7892992,"data":[87017,86198,84801,85244],"involuntary_cs":64,"num_iters":2},{"name":"ArrayAppendStrings i2b","voluntary_cs":0,"max_rss":7897088,"data":[87330,85774,85381,85202],"involuntary_cs":74,"num_iters":2},{"name":"ArrayAppendStrings i2c","voluntary_cs":0,"max_rss":7270400,"data":[86757,84877,84776,84857],"involuntary_cs":58,"num_iters":2},{"name":"ArrayAppendStrings i2d","voluntary_cs":0,"max_rss":7897088,"data":[87397,86059,85518,85427],"involuntary_cs":63,"num_iters":2},{"name":"ArrayAppendStrings i2e","voluntary_cs":0,"max_rss":7671808,"data":[87738,85279,85211,85104],"involuntary_cs":61,"num_iters":2},{"name":"ArrayAppendStrings i1a","voluntary_cs":0,"max_rss":7897088,"data":[101348,97466,97449,97527,98634,97911,97484,97189],"involuntary_cs":68,"num_iters":1},{"name":"ArrayAppendStrings i1b","voluntary_cs":0,"max_rss":7888896,"data":[102501,97907,98129,99802,98447,98394,98411,98241],"involuntary_cs":75,"num_iters":1},{"name":"ArrayAppendStrings i1c","voluntary_cs":0,"max_rss":7880704,"data":[101418,104141,97478,97399,98006,97453,97308,97261],"involuntary_cs":79,"num_iters":1},{"name":"ArrayAppendStrings i1d","voluntary_cs":0,"max_rss":7888896,"data":[101647,97404,97274,97447,98769,97614,97361,97560],"involuntary_cs":79,"num_iters":1},{"name":"ArrayAppendStrings i1e","voluntary_cs":0,"max_rss":7888896,"data":[102196,97709,99198,97746,97906,97600,98032,97747],"involuntary_cs":69,"num_iters":1}],"type":"num_iters","name":"ArrayAppendStrings"}