{"series":[{"name":"ArrayAppendLatin1 i2a","voluntary_cs":0,"max_rss":5734400,"data":[134098,133322,133292,133244],"involuntary_cs":93,"num_iters":2},{"name":"ArrayAppendLatin1 i2b","voluntary_cs":0,"max_rss":5734400,"data":[136543,133202,133266,133508],"involuntary_cs":102,"num_iters":2},{"name":"ArrayAppendLatin1 i2c","voluntary_cs":0,"max_rss":5726208,"data":[133983,133178,133184,133210],"involuntary_cs":92,"num_iters":2},{"name":"ArrayAppendLatin1 i2d","voluntary_cs":0,"max_rss":5726208,"data":[134005,133295,133134,133237],"involuntary_cs":106,"num_iters":2},{"name":"ArrayAppendLatin1 i2e","voluntary_cs":0,"max_rss":5726208,"data":[133917,133502,133124,133090],"involuntary_cs":90,"num_iters":2},{"name":"ArrayAppendLatin1 i1a","voluntary_cs":0,"max_rss":5750784,"data":[134927,134188,133278,133241,133212,133335,133241,133232],"involuntary_cs":103,"num_iters":1},{"name":"ArrayAppendLatin1 i1b","voluntary_cs":0,"max_rss":5718016,"data":[136117,135176,134717,135175,134555,135554,134617,134899],"involuntary_cs":99,"num_iters":1},{"name":"ArrayAppendLatin1 i1c","voluntary_cs":0,"max_rss":5718016,"data":[135088,133415,133430,133338,133403,133435,133405,133311],"involuntary_cs":97,"num_iters":1},{"name":"ArrayAppendLatin1 i1d","voluntary_cs":0,"max_rss":5718016,"data":[134807,133096,133179,133108,133147,133110,133286,133070],"involuntary_cs":97,"num_iters":1},{"name":"ArrayAppendLatin1 i1e","voluntary_cs":0,"max_rss":5783552,"data":[135514,134836,134282,134385,134287,134317,134863,139048],"involuntary_cs":145,"num_iters":1}],"type":"num_iters","name":"ArrayAppendLatin1"}