{"series":[{"name":"ArrayAppendUTF16 i2a","voluntary_cs":0,"max_rss":5709824,"data":[146709,146234,145446,147582],"involuntary_cs":106,"num_iters":2},{"name":"ArrayAppendUTF16 i2b","voluntary_cs":0,"max_rss":5742592,"data":[144863,146290,145758,154945],"involuntary_cs":157,"num_iters":2},{"name":"ArrayAppendUTF16 i2c","voluntary_cs":0,"max_rss":5718016,"data":[145846,144209,143377,143265],"involuntary_cs":151,"num_iters":2},{"name":"ArrayAppendUTF16 i2d","voluntary_cs":0,"max_rss":5705728,"data":[143401,142272,142926,142685],"involuntary_cs":98,"num_iters":2},{"name":"ArrayAppendUTF16 i2e","voluntary_cs":0,"max_rss":5709824,"data":[144072,143216,142922,142464],"involuntary_cs":104,"num_iters":2},{"name":"ArrayAppendUTF16 i1a","voluntary_cs":1,"max_rss":5701632,"data":[145427,143274,144361,143618,143239,144436,142664,142707],"involuntary_cs":99,"num_iters":1},{"name":"ArrayAppendUTF16 i1b","voluntary_cs":0,"max_rss":5705728,"data":[144946,143200,143583,142398,142239,142178,142957,143459],"involuntary_cs":108,"num_iters":1},{"name":"ArrayAppendUTF16 i1c","voluntary_cs":0,"max_rss":5701632,"data":[145966,142158,141488,142115,142155,143236,143120,142759],"involuntary_cs":107,"num_iters":1},{"name":"ArrayAppendUTF16 i1d","voluntary_cs":0,"max_rss":5701632,"data":[144563,143729,142321,144348,142392,142374,142354,141958],"involuntary_cs":100,"num_iters":1},{"name":"ArrayAppendUTF16 i1e","voluntary_cs":0,"max_rss":5701632,"data":[145346,143571,143094,142926,142982,143089,143509,142895],"involuntary_cs":105,"num_iters":1}],"type":"num_iters","name":"ArrayAppendUTF16"}