{"series":[{"name":"Array2D i1a","voluntary_cs":0,"max_rss":25587712,"data":[468343,463844],"involuntary_cs":80,"num_iters":1},{"name":"Array2D i1b","voluntary_cs":0,"max_rss":25513984,"data":[468252,458314],"involuntary_cs":78,"num_iters":1},{"name":"Array2D i1c","voluntary_cs":0,"max_rss":25030656,"data":[467735,462615],"involuntary_cs":96,"num_iters":1},{"name":"Array2D i1d","voluntary_cs":0,"max_rss":24113152,"data":[464189,454406],"involuntary_cs":112,"num_iters":1},{"name":"Array2D i1e","voluntary_cs":0,"max_rss":22724608,"data":[459469,450265],"involuntary_cs":81,"num_iters":1},{"name":"Array2D i1f","voluntary_cs":0,"max_rss":25231360,"data":[445281,439516],"involuntary_cs":85,"num_iters":1},{"name":"Array2D i1g","voluntary_cs":0,"max_rss":18714624,"data":[461686,445043],"involuntary_cs":76,"num_iters":1},{"name":"Array2D i1h","voluntary_cs":0,"max_rss":19103744,"data":[462176,449181],"involuntary_cs":80,"num_iters":1},{"name":"Array2D i1i","voluntary_cs":0,"max_rss":20213760,"data":[460610,446628],"involuntary_cs":88,"num_iters":1},{"name":"Array2D i1j","voluntary_cs":0,"max_rss":23605248,"data":[466113,458421],"involuntary_cs":78,"num_iters":1}],"type":"num_iters","name":"Array2D"}