{"series":[{"name":"ArrayPlusEqualFiveElementCollection i2a","voluntary_cs":0,"max_rss":8429568,"data":[176632,173653,173728,174178],"involuntary_cs":130,"num_iters":2},{"name":"ArrayPlusEqualFiveElementCollection i2b","voluntary_cs":0,"max_rss":8429568,"data":[171478,168895,168804,168624],"involuntary_cs":121,"num_iters":2},{"name":"ArrayPlusEqualFiveElementCollection i2c","voluntary_cs":0,"max_rss":8429568,"data":[171849,169041,169057,168904],"involuntary_cs":138,"num_iters":2},{"name":"ArrayPlusEqualFiveElementCollection i2d","voluntary_cs":0,"max_rss":8429568,"data":[172854,169102,169047,169490],"involuntary_cs":135,"num_iters":2},{"name":"ArrayPlusEqualFiveElementCollection i2e","voluntary_cs":0,"max_rss":8433664,"data":[171692,168869,169243,168827],"involuntary_cs":123,"num_iters":2},{"name":"ArrayPlusEqualFiveElementCollection i1a","voluntary_cs":0,"max_rss":8421376,"data":[174345,168821,168821,168848,168836,169049,169009,168875],"involuntary_cs":121,"num_iters":1},{"name":"ArrayPlusEqualFiveElementCollection i1b","voluntary_cs":0,"max_rss":8421376,"data":[174103,168526,168742,168781,169259,168586,168821,168646],"involuntary_cs":120,"num_iters":1},{"name":"ArrayPlusEqualFiveElementCollection i1c","voluntary_cs":0,"max_rss":8421376,"data":[175067,169028,169119,169083,169224,169074,168949,169207],"involuntary_cs":129,"num_iters":1},{"name":"ArrayPlusEqualFiveElementCollection i1d","voluntary_cs":0,"max_rss":8421376,"data":[174410,168545,168558,168474,169327,168643,168744,168954],"involuntary_cs":135,"num_iters":1},{"name":"ArrayPlusEqualFiveElementCollection i1e","voluntary_cs":0,"max_rss":8486912,"data":[179176,174095,173920,173695,173847,173744,173671,173810],"involuntary_cs":130,"num_iters":1}],"type":"num_iters","name":"ArrayPlusEqualFiveElementCollection"}