{"series":[{"name":"AnyHashableWithAClass i1a","voluntary_cs":0,"max_rss":4661248,"data":[281610,282160,282814,282374],"involuntary_cs":109,"num_iters":1},{"name":"AnyHashableWithAClass i1b","voluntary_cs":1,"max_rss":4653056,"data":[283402,284547,283530,285633],"involuntary_cs":112,"num_iters":1},{"name":"AnyHashableWithAClass i1c","voluntary_cs":0,"max_rss":4653056,"data":[279484,279616,278843,292518],"involuntary_cs":113,"num_iters":1},{"name":"AnyHashableWithAClass i1d","voluntary_cs":0,"max_rss":4653056,"data":[286112,286111,284049,284508],"involuntary_cs":114,"num_iters":1},{"name":"AnyHashableWithAClass i1e","voluntary_cs":0,"max_rss":4653056,"data":[283409,282913,282945,286671],"involuntary_cs":116,"num_iters":1},{"name":"AnyHashableWithAClass i1f","voluntary_cs":0,"max_rss":4653056,"data":[296635,287456,286078,283322],"involuntary_cs":132,"num_iters":1},{"name":"AnyHashableWithAClass i2a","voluntary_cs":0,"max_rss":4661248,"data":[291848,285598],"involuntary_cs":197,"num_iters":2},{"name":"AnyHashableWithAClass i2b","voluntary_cs":0,"max_rss":4661248,"data":[285951,283720],"involuntary_cs":138,"num_iters":2},{"name":"AnyHashableWithAClass i2c","voluntary_cs":0,"max_rss":4661248,"data":[286470,285623],"involuntary_cs":108,"num_iters":2},{"name":"AnyHashableWithAClass i2d","voluntary_cs":0,"max_rss":4661248,"data":[282212,281847],"involuntary_cs":116,"num_iters":2}],"type":"num_iters","name":"AnyHashableWithAClass"}