{"series":[{"name":"ArrayAppendStrings i1a","voluntary_cs":0,"max_rss":7888896,"data":[101957,97966,98975,97773,97680,97449,97658,97544],"involuntary_cs":73,"num_iters":1},{"name":"ArrayAppendStrings i1b","voluntary_cs":0,"max_rss":7888896,"data":[101805,98542,98312,98401,97966,98105,98373,99187],"involuntary_cs":70,"num_iters":1},{"name":"ArrayAppendStrings i1c","voluntary_cs":0,"max_rss":7888896,"data":[102183,99199,97854,99232,97924,98370,97875,98161],"involuntary_cs":76,"num_iters":1},{"name":"ArrayAppendStrings i1d","voluntary_cs":0,"max_rss":7888896,"data":[101341,99087,97064,97114,98692,97232,97185,97201],"involuntary_cs":70,"num_iters":1},{"name":"ArrayAppendStrings i1e","voluntary_cs":0,"max_rss":7888896,"data":[102134,97725,98093,99375,98192,97975,97791,97672],"involuntary_cs":82,"num_iters":1},{"name":"ArrayAppendStrings i1f","voluntary_cs":0,"max_rss":7888896,"data":[101448,96772,98615,96956,96654,96953,96694,97071],"involuntary_cs":70,"num_iters":1},{"name":"ArrayAppendStrings i2a","voluntary_cs":0,"max_rss":7897088,"data":[87302,86244,85954,85226],"involuntary_cs":63,"num_iters":2},{"name":"ArrayAppendStrings i2b","voluntary_cs":0,"max_rss":7905280,"data":[87285,84968,85594,85071],"involuntary_cs":58,"num_iters":2},{"name":"ArrayAppendStrings i2c","voluntary_cs":0,"max_rss":7270400,"data":[87390,85157,85858,85217],"involuntary_cs":68,"num_iters":2},{"name":"ArrayAppendStrings i2d","voluntary_cs":0,"max_rss":7892992,"data":[87290,85812,84950,85750],"involuntary_cs":72,"num_iters":2}],"type":"num_iters","name":"ArrayAppendStrings"}