{"series":[{"name":"ArrayPlusEqualFiveElementCollection i1a","voluntary_cs":0,"max_rss":8413184,"data":[176402,170527,170675,170790,170679,170757,171018,170770],"involuntary_cs":119,"num_iters":1},{"name":"ArrayPlusEqualFiveElementCollection i1b","voluntary_cs":0,"max_rss":8421376,"data":[176523,170993,170653,170732,170453,170640,170597,170642],"involuntary_cs":122,"num_iters":1},{"name":"ArrayPlusEqualFiveElementCollection i1c","voluntary_cs":1,"max_rss":8413184,"data":[174320,168486,168411,168697,168665,168585,168549,168950],"involuntary_cs":117,"num_iters":1},{"name":"ArrayPlusEqualFiveElementCollection i1d","voluntary_cs":0,"max_rss":8421376,"data":[176429,170905,171372,171494,171142,170609,170846,170674],"involuntary_cs":128,"num_iters":1},{"name":"ArrayPlusEqualFiveElementCollection i1e","voluntary_cs":0,"max_rss":8421376,"data":[178818,173271,173880,174072,174001,173558,173057,173150],"involuntary_cs":133,"num_iters":1},{"name":"ArrayPlusEqualFiveElementCollection i1f","voluntary_cs":0,"max_rss":8421376,"data":[174447,168926,168512,168478,168752,168761,168744,168675],"involuntary_cs":121,"num_iters":1},{"name":"ArrayPlusEqualFiveElementCollection i2a","voluntary_cs":0,"max_rss":8425472,"data":[172354,168822,168719,168676],"involuntary_cs":132,"num_iters":2},{"name":"ArrayPlusEqualFiveElementCollection i2b","voluntary_cs":0,"max_rss":8429568,"data":[175478,172355,172181,172154],"involuntary_cs":128,"num_iters":2},{"name":"ArrayPlusEqualFiveElementCollection i2c","voluntary_cs":0,"max_rss":8429568,"data":[171649,169091,168968,168770],"involuntary_cs":128,"num_iters":2},{"name":"ArrayPlusEqualFiveElementCollection i2d","voluntary_cs":0,"max_rss":8495104,"data":[172005,168848,169736,170923],"involuntary_cs":229,"num_iters":2}],"type":"num_iters","name":"ArrayPlusEqualFiveElementCollection"}