{"series":[{"name":"Array2D i1a","voluntary_cs":0,"max_rss":25395200,"data":[464108,459007],"involuntary_cs":87,"num_iters":1},{"name":"Array2D i1b","voluntary_cs":0,"max_rss":24342528,"data":[464480,458441],"involuntary_cs":82,"num_iters":1},{"name":"Array2D i1c","voluntary_cs":0,"max_rss":19734528,"data":[465507,451288],"involuntary_cs":77,"num_iters":1},{"name":"Array2D i1d","voluntary_cs":1,"max_rss":22986752,"data":[462585,453092],"involuntary_cs":81,"num_iters":1},{"name":"Array2D i1e","voluntary_cs":0,"max_rss":22401024,"data":[460403,451850],"involuntary_cs":78,"num_iters":1},{"name":"Array2D i1f","voluntary_cs":0,"max_rss":25575424,"data":[463580,459487],"involuntary_cs":97,"num_iters":1},{"name":"Array2D i1g","voluntary_cs":0,"max_rss":23887872,"data":[467721,459442],"involuntary_cs":88,"num_iters":1},{"name":"Array2D i1h","voluntary_cs":0,"max_rss":19144704,"data":[462877,450458],"involuntary_cs":82,"num_iters":1},{"name":"Array2D i1i","voluntary_cs":0,"max_rss":21200896,"data":[463507,452040],"involuntary_cs":79,"num_iters":1},{"name":"Array2D i1j","voluntary_cs":0,"max_rss":22487040,"data":[461210,452037],"involuntary_cs":81,"num_iters":1}],"type":"num_iters","name":"Array2D"}