{"series":[{"name":"ArrayAppendLatin1 i1a","voluntary_cs":0,"max_rss":5722112,"data":[134774,133102,133195,133082,134767,133992,133137,133199],"involuntary_cs":98,"num_iters":1},{"name":"ArrayAppendLatin1 i1b","voluntary_cs":0,"max_rss":5718016,"data":[134946,133198,133177,133149,133125,133204,133136,133138],"involuntary_cs":92,"num_iters":1},{"name":"ArrayAppendLatin1 i1c","voluntary_cs":0,"max_rss":5718016,"data":[135970,134431,134390,134399,134453,134409,134524,134383],"involuntary_cs":92,"num_iters":1},{"name":"ArrayAppendLatin1 i1d","voluntary_cs":0,"max_rss":5726208,"data":[135122,133581,133542,133606,133589,133418,133356,133590],"involuntary_cs":90,"num_iters":1},{"name":"ArrayAppendLatin1 i1e","voluntary_cs":0,"max_rss":5718016,"data":[134678,133768,133841,133664,133817,133151,134042,133128],"involuntary_cs":101,"num_iters":1},{"name":"ArrayAppendLatin1 i1f","voluntary_cs":0,"max_rss":5718016,"data":[135307,133843,133703,133631,133908,133668,133730,133672],"involuntary_cs":100,"num_iters":1},{"name":"ArrayAppendLatin1 i2a","voluntary_cs":0,"max_rss":5726208,"data":[136060,135079,135130,135149],"involuntary_cs":94,"num_iters":2},{"name":"ArrayAppendLatin1 i2b","voluntary_cs":0,"max_rss":5726208,"data":[134033,133247,133269,133236],"involuntary_cs":90,"num_iters":2},{"name":"ArrayAppendLatin1 i2c","voluntary_cs":0,"max_rss":5726208,"data":[134011,133084,133085,133154],"involuntary_cs":89,"num_iters":2},{"name":"ArrayAppendLatin1 i2d","voluntary_cs":0,"max_rss":5726208,"data":[134792,133803,134017,133523],"involuntary_cs":100,"num_iters":2}],"type":"num_iters","name":"ArrayAppendLatin1"}