{"series":[{"name":"ArrayAppendUTF16 i1a","voluntary_cs":0,"max_rss":5701632,"data":[143763,143066,142860,142894,142140,141779,142242,143311],"involuntary_cs":100,"num_iters":1},{"name":"ArrayAppendUTF16 i1b","voluntary_cs":0,"max_rss":5767168,"data":[144513,141735,141677,142979,142835,141567,141565,143317],"involuntary_cs":96,"num_iters":1},{"name":"ArrayAppendUTF16 i1c","voluntary_cs":0,"max_rss":5701632,"data":[146199,143739,147155,146863,146693,147469,145595,145142],"involuntary_cs":141,"num_iters":1},{"name":"ArrayAppendUTF16 i1d","voluntary_cs":0,"max_rss":5701632,"data":[147925,144663,143968,142620,142541,142874,143734,142956],"involuntary_cs":129,"num_iters":1},{"name":"ArrayAppendUTF16 i1e","voluntary_cs":0,"max_rss":5763072,"data":[146558,144806,144947,145197,143878,144363,144101,143787],"involuntary_cs":99,"num_iters":1},{"name":"ArrayAppendUTF16 i1f","voluntary_cs":0,"max_rss":5701632,"data":[144490,142372,141961,141846,142353,142958,141774,142025],"involuntary_cs":97,"num_iters":1},{"name":"ArrayAppendUTF16 i2a","voluntary_cs":0,"max_rss":5709824,"data":[142872,144259,142551,142476],"involuntary_cs":98,"num_iters":2},{"name":"ArrayAppendUTF16 i2b","voluntary_cs":0,"max_rss":5709824,"data":[143355,142511,142425,142414],"involuntary_cs":95,"num_iters":2},{"name":"ArrayAppendUTF16 i2c","voluntary_cs":0,"max_rss":5709824,"data":[143412,144427,142449,142839],"involuntary_cs":128,"num_iters":2},{"name":"ArrayAppendUTF16 i2d","voluntary_cs":0,"max_rss":5713920,"data":[144104,142596,142751,141747],"involuntary_cs":111,"num_iters":2}],"type":"num_iters","name":"ArrayAppendUTF16"}