{"series":[{"name":"CharIteration_korean_unicodeScalars_Backwards i1a","voluntary_cs":0,"max_rss":4653056,"data":[47352,47321,47225,47259,47202,47178,47225,47232,47224,47268,47203,47215,47201,47203,47218,47203],"involuntary_cs":68,"num_iters":1},{"name":"CharIteration_korean_unicodeScalars_Backwards i1b","voluntary_cs":1,"max_rss":4653056,"data":[47375,47302,47297,47250,47225,47879,47243,47227,47246,47273,47252,47228,47304,47249,47234,47186],"involuntary_cs":73,"num_iters":1},{"name":"CharIteration_korean_unicodeScalars_Backwards i1c","voluntary_cs":0,"max_rss":4653056,"data":[54864,52334,55262,55287,55312,55288,54624,54606,55252,55240,55265,55245,55242,55249,55334,52567],"involuntary_cs":82,"num_iters":1},{"name":"CharIteration_korean_unicodeScalars_Backwards i1d","voluntary_cs":0,"max_rss":4653056,"data":[47325,47851,47227,47274,47222,47206,47270,47220,47225,47212,47239,47262,47419,47231,47241,47232],"involuntary_cs":66,"num_iters":1},{"name":"CharIteration_korean_unicodeScalars_Backwards i1e","voluntary_cs":0,"max_rss":4661248,"data":[47299,47274,47272,47228,47225,47244,47202,47205,47202,47208,47251,47185,47241,47222,47302,47209],"involuntary_cs":62,"num_iters":1},{"name":"CharIteration_korean_unicodeScalars_Backwards i1f","voluntary_cs":2,"max_rss":4669440,"data":[47404,47362,47260,47260,47265,47253,47298,47252,47258,47262,47257,47310,47244,47268,47217,47249],"involuntary_cs":73,"num_iters":1},{"name":"CharIteration_korean_unicodeScalars_Backwards i2a","voluntary_cs":2,"max_rss":4661248,"data":[47351,47254,47214,47238,47229,47239,47202,47209],"involuntary_cs":71,"num_iters":2},{"name":"CharIteration_korean_unicodeScalars_Backwards i2b","voluntary_cs":0,"max_rss":4694016,"data":[46888,46797,46790,46802,46834,46779,46934,47095],"involuntary_cs":83,"num_iters":2},{"name":"CharIteration_korean_unicodeScalars_Backwards i2c","voluntary_cs":0,"max_rss":4669440,"data":[47272,47223,47246,47269,47212,47214,47268,47234],"involuntary_cs":66,"num_iters":2},{"name":"CharIteration_korean_unicodeScalars_Backwards i2d","voluntary_cs":0,"max_rss":4669440,"data":[47344,47271,47254,47258,47257,47258,47270,47254],"involuntary_cs":65,"num_iters":2}],"type":"num_iters","name":"CharIteration_korean_unicodeScalars_Backwards"}