{"series":[{"name":"CharIndexing_utf16_unicodeScalars_Backwards i1a","voluntary_cs":0,"max_rss":4825088,"data":[416316,415717],"involuntary_cs":88,"num_iters":1},{"name":"CharIndexing_utf16_unicodeScalars_Backwards i1b","voluntary_cs":0,"max_rss":4849664,"data":[414278,412847],"involuntary_cs":78,"num_iters":1},{"name":"CharIndexing_utf16_unicodeScalars_Backwards i1c","voluntary_cs":0,"max_rss":4800512,"data":[415484,418400],"involuntary_cs":76,"num_iters":1},{"name":"CharIndexing_utf16_unicodeScalars_Backwards i1d","voluntary_cs":0,"max_rss":4820992,"data":[415766,414480],"involuntary_cs":73,"num_iters":1},{"name":"CharIndexing_utf16_unicodeScalars_Backwards i1e","voluntary_cs":0,"max_rss":4812800,"data":[415096,414306],"involuntary_cs":72,"num_iters":1},{"name":"CharIndexing_utf16_unicodeScalars_Backwards i1f","voluntary_cs":0,"max_rss":4812800,"data":[417103,414213],"involuntary_cs":82,"num_iters":1},{"name":"CharIndexing_utf16_unicodeScalars_Backwards i1g","voluntary_cs":0,"max_rss":4812800,"data":[415800,414627],"involuntary_cs":76,"num_iters":1},{"name":"CharIndexing_utf16_unicodeScalars_Backwards i1h","voluntary_cs":0,"max_rss":4812800,"data":[418300,416624],"involuntary_cs":79,"num_iters":1},{"name":"CharIndexing_utf16_unicodeScalars_Backwards i1i","voluntary_cs":0,"max_rss":4812800,"data":[416121,416116],"involuntary_cs":71,"num_iters":1},{"name":"CharIndexing_utf16_unicodeScalars_Backwards i1j","voluntary_cs":0,"max_rss":4812800,"data":[416190,414792],"involuntary_cs":78,"num_iters":1}],"type":"num_iters","name":"CharIndexing_utf16_unicodeScalars_Backwards"}