{"series":[{"name":"CharIndexing_tweet_unicodeScalars i1a","voluntary_cs":0,"max_rss":4796416,"data":[99203,98605,98610,98701,98644,99296,98608,98643],"involuntary_cs":69,"num_iters":1},{"name":"CharIndexing_tweet_unicodeScalars i1b","voluntary_cs":1,"max_rss":4796416,"data":[99208,98801,98599,98591,98593,98554,98659,98615],"involuntary_cs":73,"num_iters":1},{"name":"CharIndexing_tweet_unicodeScalars i1c","voluntary_cs":0,"max_rss":4796416,"data":[99189,98612,98690,99232,98597,98602,98711,98655],"involuntary_cs":75,"num_iters":1},{"name":"CharIndexing_tweet_unicodeScalars i1d","voluntary_cs":0,"max_rss":4796416,"data":[99231,98604,98697,98571,98563,98641,98608,98643],"involuntary_cs":71,"num_iters":1},{"name":"CharIndexing_tweet_unicodeScalars i1e","voluntary_cs":0,"max_rss":4796416,"data":[99252,98674,98644,98546,98847,98603,98636,98564],"involuntary_cs":85,"num_iters":1},{"name":"CharIndexing_tweet_unicodeScalars i1f","voluntary_cs":0,"max_rss":4796416,"data":[99148,98605,98624,98647,98792,100232,98680,98599],"involuntary_cs":85,"num_iters":1},{"name":"CharIndexing_tweet_unicodeScalars i2a","voluntary_cs":0,"max_rss":4800512,"data":[98895,98594,98595,98591],"involuntary_cs":71,"num_iters":2},{"name":"CharIndexing_tweet_unicodeScalars i2b","voluntary_cs":0,"max_rss":4804608,"data":[99284,98556,98639,98649],"involuntary_cs":75,"num_iters":2},{"name":"CharIndexing_tweet_unicodeScalars i2c","voluntary_cs":0,"max_rss":4800512,"data":[98878,98601,98590,98617],"involuntary_cs":71,"num_iters":2},{"name":"CharIndexing_tweet_unicodeScalars i2d","voluntary_cs":0,"max_rss":4804608,"data":[99213,98615,98560,98636],"involuntary_cs":76,"num_iters":2}],"type":"num_iters","name":"CharIndexing_tweet_unicodeScalars"}