{"series":[{"name":"CharIndexing_tweet_unicodeScalars_Backwards i1a","voluntary_cs":0,"max_rss":4784128,"data":[73056,72527,72500,72512,72531,72524,72516,72501,72509,72564,72592,72579,72590,72626,72477,72596],"involuntary_cs":112,"num_iters":1},{"name":"CharIndexing_tweet_unicodeScalars_Backwards i1b","voluntary_cs":0,"max_rss":4784128,"data":[73179,72501,72516,72493,72514,72458,72524,72491,72536,72467,72494,72512,72551,72488,72530,72504],"involuntary_cs":98,"num_iters":1},{"name":"CharIndexing_tweet_unicodeScalars_Backwards i1c","voluntary_cs":0,"max_rss":4784128,"data":[73277,72508,72583,72548,72470,73152,72458,72539,72532,72463,72468,72510,72645,72519,72509,72497],"involuntary_cs":117,"num_iters":1},{"name":"CharIndexing_tweet_unicodeScalars_Backwards i1d","voluntary_cs":0,"max_rss":4784128,"data":[73056,72524,72548,72498,72563,72518,72497,72499,72503,72500,73025,72534,72497,72532,72517,72463],"involuntary_cs":102,"num_iters":1},{"name":"CharIndexing_tweet_unicodeScalars_Backwards i1e","voluntary_cs":0,"max_rss":4784128,"data":[73091,72485,72579,72577,72518,72489,72469,72463,72468,72513,72500,72497,72497,72576,72519,72539],"involuntary_cs":107,"num_iters":1},{"name":"CharIndexing_tweet_unicodeScalars_Backwards i1f","voluntary_cs":0,"max_rss":4784128,"data":[73082,72564,72518,72507,72505,72518,72670,72500,72502,72508,72522,72519,72520,72544,72465,72476],"involuntary_cs":105,"num_iters":1},{"name":"CharIndexing_tweet_unicodeScalars_Backwards i2a","voluntary_cs":0,"max_rss":4792320,"data":[72802,72506,72499,72558,72500,72586,72502,72816],"involuntary_cs":106,"num_iters":2},{"name":"CharIndexing_tweet_unicodeScalars_Backwards i2b","voluntary_cs":0,"max_rss":4825088,"data":[72887,72636,72679,72578,72630,72620,72629,72580],"involuntary_cs":99,"num_iters":2},{"name":"CharIndexing_tweet_unicodeScalars_Backwards i2c","voluntary_cs":0,"max_rss":4792320,"data":[72914,72760,72503,72514,72502,72517,72539,72475],"involuntary_cs":117,"num_iters":2},{"name":"CharIndexing_tweet_unicodeScalars_Backwards i2d","voluntary_cs":0,"max_rss":4804608,"data":[72870,72571,72508,72589,72498,72496,72523,72576],"involuntary_cs":112,"num_iters":2}],"type":"num_iters","name":"CharIndexing_tweet_unicodeScalars_Backwards"}