{"series":[{"name":"CharIteration_utf16_unicodeScalars_Backwards i1a","voluntary_cs":0,"max_rss":4816896,"data":[607200,607519],"involuntary_cs":115,"num_iters":1},{"name":"CharIteration_utf16_unicodeScalars_Backwards i1b","voluntary_cs":0,"max_rss":4816896,"data":[606832,606097],"involuntary_cs":113,"num_iters":1},{"name":"CharIteration_utf16_unicodeScalars_Backwards i1c","voluntary_cs":0,"max_rss":4816896,"data":[608176,606041],"involuntary_cs":110,"num_iters":1},{"name":"CharIteration_utf16_unicodeScalars_Backwards i1d","voluntary_cs":0,"max_rss":4816896,"data":[607480,606228],"involuntary_cs":107,"num_iters":1},{"name":"CharIteration_utf16_unicodeScalars_Backwards i1e","voluntary_cs":0,"max_rss":4849664,"data":[607941,606516],"involuntary_cs":103,"num_iters":1},{"name":"CharIteration_utf16_unicodeScalars_Backwards i1f","voluntary_cs":2,"max_rss":4816896,"data":[606971,606893],"involuntary_cs":122,"num_iters":1},{"name":"CharIteration_utf16_unicodeScalars_Backwards i1g","voluntary_cs":0,"max_rss":4804608,"data":[608766,607398],"involuntary_cs":124,"num_iters":1},{"name":"CharIteration_utf16_unicodeScalars_Backwards i1h","voluntary_cs":0,"max_rss":4816896,"data":[608693,608276],"involuntary_cs":109,"num_iters":1},{"name":"CharIteration_utf16_unicodeScalars_Backwards i1i","voluntary_cs":0,"max_rss":4816896,"data":[607320,605918],"involuntary_cs":109,"num_iters":1},{"name":"CharIteration_utf16_unicodeScalars_Backwards i1j","voluntary_cs":0,"max_rss":4816896,"data":[604560,603890],"involuntary_cs":108,"num_iters":1}],"type":"num_iters","name":"CharIteration_utf16_unicodeScalars_Backwards"}