{"series":[{"name":"CharIteration_ascii_unicodeScalars_Backwards i1a","voluntary_cs":0,"max_rss":4644864,"data":[48958,48970,48861,48860,48853,48867,48879,48878,49440,48861,48901,48882,48945,48883,49146,48872],"involuntary_cs":71,"num_iters":1},{"name":"CharIteration_ascii_unicodeScalars_Backwards i1b","voluntary_cs":0,"max_rss":4644864,"data":[48958,48922,48905,48858,48892,48949,48893,48927,48903,48876,48888,48896,48896,48907,48886,48931],"involuntary_cs":69,"num_iters":1},{"name":"CharIteration_ascii_unicodeScalars_Backwards i1c","voluntary_cs":0,"max_rss":4644864,"data":[48932,48926,48876,48890,48892,48880,48887,48880,48876,48896,48878,48941,48873,48854,48967,48861],"involuntary_cs":71,"num_iters":1},{"name":"CharIteration_ascii_unicodeScalars_Backwards i1d","voluntary_cs":0,"max_rss":4644864,"data":[48932,49112,48930,48856,48860,48861,48865,48940,48882,48917,48885,48882,48857,48885,48879,48879],"involuntary_cs":65,"num_iters":1},{"name":"CharIteration_ascii_unicodeScalars_Backwards i1e","voluntary_cs":0,"max_rss":4644864,"data":[48921,48919,48906,48897,48918,48883,48914,48884,48879,48894,48887,48872,49079,48912,48879,48934],"involuntary_cs":85,"num_iters":1},{"name":"CharIteration_ascii_unicodeScalars_Backwards i1f","voluntary_cs":0,"max_rss":4648960,"data":[49095,48965,48883,48880,49409,48877,48913,48925,48964,48902,48879,48897,48879,48877,48888,48879],"involuntary_cs":77,"num_iters":1},{"name":"CharIteration_ascii_unicodeScalars_Backwards i2a","voluntary_cs":0,"max_rss":4681728,"data":[48909,48875,48865,48868,48864,48898,48890,48876],"involuntary_cs":69,"num_iters":2},{"name":"CharIteration_ascii_unicodeScalars_Backwards i2b","voluntary_cs":0,"max_rss":4653056,"data":[49276,48878,48897,48859,48975,48877,48882,48891],"involuntary_cs":73,"num_iters":2},{"name":"CharIteration_ascii_unicodeScalars_Backwards i2c","voluntary_cs":0,"max_rss":4689920,"data":[48945,48883,48886,48914,48869,48855,48855,48914],"involuntary_cs":73,"num_iters":2},{"name":"CharIteration_ascii_unicodeScalars_Backwards i2d","voluntary_cs":0,"max_rss":4665344,"data":[48957,48892,48893,48856,48879,48961,48883,48876],"involuntary_cs":74,"num_iters":2}],"type":"num_iters","name":"CharIteration_ascii_unicodeScalars_Backwards"}