{"series":[{"name":"CharIteration_utf16_unicodeScalars i1a","voluntary_cs":0,"max_rss":4825088,"data":[428242,427811],"involuntary_cs":72,"num_iters":1},{"name":"CharIteration_utf16_unicodeScalars i1b","voluntary_cs":0,"max_rss":4825088,"data":[428735,427425],"involuntary_cs":73,"num_iters":1},{"name":"CharIteration_utf16_unicodeScalars i1c","voluntary_cs":0,"max_rss":4825088,"data":[428159,428083],"involuntary_cs":79,"num_iters":1},{"name":"CharIteration_utf16_unicodeScalars i1d","voluntary_cs":0,"max_rss":4825088,"data":[428265,427366],"involuntary_cs":81,"num_iters":1},{"name":"CharIteration_utf16_unicodeScalars i1e","voluntary_cs":0,"max_rss":4825088,"data":[431241,424049],"involuntary_cs":100,"num_iters":1},{"name":"CharIteration_utf16_unicodeScalars i1f","voluntary_cs":0,"max_rss":4812800,"data":[429787,428760],"involuntary_cs":88,"num_iters":1},{"name":"CharIteration_utf16_unicodeScalars i1g","voluntary_cs":0,"max_rss":4825088,"data":[430183,428371],"involuntary_cs":87,"num_iters":1},{"name":"CharIteration_utf16_unicodeScalars i1h","voluntary_cs":0,"max_rss":4825088,"data":[425936,429634],"involuntary_cs":99,"num_iters":1},{"name":"CharIteration_utf16_unicodeScalars i1i","voluntary_cs":0,"max_rss":4825088,"data":[428043,427787],"involuntary_cs":80,"num_iters":1},{"name":"CharIteration_utf16_unicodeScalars i1j","voluntary_cs":0,"max_rss":4833280,"data":[426557,425852],"involuntary_cs":75,"num_iters":1}],"type":"num_iters","name":"CharIteration_utf16_unicodeScalars"}