{"series":[{"name":"CharIteration_tweet_unicodeScalars i1a","voluntary_cs":0,"max_rss":4808704,"data":[102345,101566,101775,100819,100203,101959,100257,101091],"involuntary_cs":76,"num_iters":1},{"name":"CharIteration_tweet_unicodeScalars i1b","voluntary_cs":0,"max_rss":4804608,"data":[101109,101555,100082,99904,101094,100663,101746,101023],"involuntary_cs":87,"num_iters":1},{"name":"CharIteration_tweet_unicodeScalars i1c","voluntary_cs":0,"max_rss":4829184,"data":[101362,101310,100406,101317,101476,101780,100772,102170],"involuntary_cs":73,"num_iters":1},{"name":"CharIteration_tweet_unicodeScalars i1d","voluntary_cs":0,"max_rss":4796416,"data":[102236,102732,102347,102517,103085,104602,103573,103251],"involuntary_cs":75,"num_iters":1},{"name":"CharIteration_tweet_unicodeScalars i1e","voluntary_cs":0,"max_rss":4796416,"data":[102302,102738,102008,101411,102402,102179,102455,103334],"involuntary_cs":74,"num_iters":1},{"name":"CharIteration_tweet_unicodeScalars i1f","voluntary_cs":0,"max_rss":4796416,"data":[103891,102343,103736,102472,102153,103045,101618,102415],"involuntary_cs":84,"num_iters":1},{"name":"CharIteration_tweet_unicodeScalars i2a","voluntary_cs":0,"max_rss":4804608,"data":[101079,101260,100753,100608],"involuntary_cs":78,"num_iters":2},{"name":"CharIteration_tweet_unicodeScalars i2b","voluntary_cs":0,"max_rss":4800512,"data":[102884,102385,101967,102450],"involuntary_cs":80,"num_iters":2},{"name":"CharIteration_tweet_unicodeScalars i2c","voluntary_cs":0,"max_rss":4804608,"data":[100740,101502,100976,100349],"involuntary_cs":74,"num_iters":2},{"name":"CharIteration_tweet_unicodeScalars i2d","voluntary_cs":0,"max_rss":4804608,"data":[101393,101089,100393,101517],"involuntary_cs":84,"num_iters":2}],"type":"num_iters","name":"CharIteration_tweet_unicodeScalars"}