{"series":[{"name":"CharIndexing_utf16_unicodeScalars i1a","voluntary_cs":0,"max_rss":4820992,"data":[432297,430862],"involuntary_cs":80,"num_iters":1},{"name":"CharIndexing_utf16_unicodeScalars i1b","voluntary_cs":0,"max_rss":4816896,"data":[431469,430697],"involuntary_cs":77,"num_iters":1},{"name":"CharIndexing_utf16_unicodeScalars i1c","voluntary_cs":0,"max_rss":4820992,"data":[433099,431780],"involuntary_cs":86,"num_iters":1},{"name":"CharIndexing_utf16_unicodeScalars i1d","voluntary_cs":0,"max_rss":4820992,"data":[431428,430577],"involuntary_cs":78,"num_iters":1},{"name":"CharIndexing_utf16_unicodeScalars i1e","voluntary_cs":0,"max_rss":4820992,"data":[432427,431354],"involuntary_cs":84,"num_iters":1},{"name":"CharIndexing_utf16_unicodeScalars i1f","voluntary_cs":0,"max_rss":4841472,"data":[431074,430103],"involuntary_cs":76,"num_iters":1},{"name":"CharIndexing_utf16_unicodeScalars i1g","voluntary_cs":0,"max_rss":4820992,"data":[432990,431493],"involuntary_cs":80,"num_iters":1},{"name":"CharIndexing_utf16_unicodeScalars i1h","voluntary_cs":0,"max_rss":4820992,"data":[431842,430918],"involuntary_cs":75,"num_iters":1},{"name":"CharIndexing_utf16_unicodeScalars i1i","voluntary_cs":0,"max_rss":4820992,"data":[435188,430219],"involuntary_cs":122,"num_iters":1},{"name":"CharIndexing_utf16_unicodeScalars i1j","voluntary_cs":0,"max_rss":4820992,"data":[431489,430627],"involuntary_cs":77,"num_iters":1}],"type":"num_iters","name":"CharIndexing_utf16_unicodeScalars"}