{"series":[{"name":"CharIteration_tweet_unicodeScalars_Backwards i1a","voluntary_cs":0,"max_rss":4788224,"data":[96961,96269,96291,96419,96280,96279,96248,96322],"involuntary_cs":67,"num_iters":1},{"name":"CharIteration_tweet_unicodeScalars_Backwards i1b","voluntary_cs":0,"max_rss":4788224,"data":[97101,96301,96839,96327,96254,96371,96361,96276],"involuntary_cs":70,"num_iters":1},{"name":"CharIteration_tweet_unicodeScalars_Backwards i1c","voluntary_cs":0,"max_rss":4788224,"data":[96880,96282,96284,96289,96369,96287,96304,96304],"involuntary_cs":70,"num_iters":1},{"name":"CharIteration_tweet_unicodeScalars_Backwards i1d","voluntary_cs":0,"max_rss":4788224,"data":[96862,96964,96357,96306,96343,96283,96284,96331],"involuntary_cs":73,"num_iters":1},{"name":"CharIteration_tweet_unicodeScalars_Backwards i1e","voluntary_cs":0,"max_rss":4788224,"data":[96758,96320,96365,96329,96282,96291,96241,96232],"involuntary_cs":75,"num_iters":1},{"name":"CharIteration_tweet_unicodeScalars_Backwards i1f","voluntary_cs":0,"max_rss":4788224,"data":[96812,96256,96332,96284,96310,96280,96312,96291],"involuntary_cs":70,"num_iters":1},{"name":"CharIteration_tweet_unicodeScalars_Backwards i2a","voluntary_cs":0,"max_rss":4792320,"data":[96575,96299,96338,96224],"involuntary_cs":75,"num_iters":2},{"name":"CharIteration_tweet_unicodeScalars_Backwards i2b","voluntary_cs":0,"max_rss":4792320,"data":[96540,96238,96270,96344],"involuntary_cs":73,"num_iters":2},{"name":"CharIteration_tweet_unicodeScalars_Backwards i2c","voluntary_cs":0,"max_rss":4792320,"data":[97076,96284,96369,96256],"involuntary_cs":83,"num_iters":2},{"name":"CharIteration_tweet_unicodeScalars_Backwards i2d","voluntary_cs":0,"max_rss":4792320,"data":[96605,96280,96277,96574],"involuntary_cs":68,"num_iters":2}],"type":"num_iters","name":"CharIteration_tweet_unicodeScalars_Backwards"}