{"series":[{"name":"DictionaryRemoveOfObjects i1a","voluntary_cs":0,"max_rss":4661248,"data":[115965,116944,115321,117545,115414,115372,116384,115369],"involuntary_cs":83,"num_iters":1},{"name":"DictionaryRemoveOfObjects i1b","voluntary_cs":0,"max_rss":4665344,"data":[117299,118247,117232,118094,118218,118418,115508,117780],"involuntary_cs":89,"num_iters":1},{"name":"DictionaryRemoveOfObjects i1c","voluntary_cs":0,"max_rss":4665344,"data":[118351,116002,116954,117599,115689,116953,117758,115724],"involuntary_cs":85,"num_iters":1},{"name":"DictionaryRemoveOfObjects i1d","voluntary_cs":0,"max_rss":4665344,"data":[118220,118004,117598,117645,117553,117685,117627,117283],"involuntary_cs":100,"num_iters":1},{"name":"DictionaryRemoveOfObjects i1e","voluntary_cs":2,"max_rss":4673536,"data":[118226,116719,116448,117373,116341,117109,117073,115442],"involuntary_cs":87,"num_iters":1},{"name":"DictionaryRemoveOfObjects i1f","voluntary_cs":0,"max_rss":4665344,"data":[118275,116703,120539,117487,117676,117576,116083,117353],"involuntary_cs":112,"num_iters":1},{"name":"DictionaryRemoveOfObjects i2a","voluntary_cs":0,"max_rss":4673536,"data":[117856,117270,116671,116289],"involuntary_cs":86,"num_iters":2},{"name":"DictionaryRemoveOfObjects i2b","voluntary_cs":0,"max_rss":4673536,"data":[118351,118665,116585,115824],"involuntary_cs":84,"num_iters":2},{"name":"DictionaryRemoveOfObjects i2c","voluntary_cs":0,"max_rss":4661248,"data":[116868,117150,116902,117111],"involuntary_cs":89,"num_iters":2},{"name":"DictionaryRemoveOfObjects i2d","voluntary_cs":0,"max_rss":4669440,"data":[116648,116937,117434,116767],"involuntary_cs":85,"num_iters":2}],"type":"num_iters","name":"DictionaryRemoveOfObjects"}