{"series":[{"name":"DropFirstAnyCollectionLazy i1a","voluntary_cs":0,"max_rss":4796416,"data":[331643,330516,331956,333728],"involuntary_cs":113,"num_iters":1},{"name":"DropFirstAnyCollectionLazy i1b","voluntary_cs":0,"max_rss":4796416,"data":[322520,322161,322608,321456],"involuntary_cs":117,"num_iters":1},{"name":"DropFirstAnyCollectionLazy i1c","voluntary_cs":0,"max_rss":4792320,"data":[320801,321253,319840,320661],"involuntary_cs":111,"num_iters":1},{"name":"DropFirstAnyCollectionLazy i1d","voluntary_cs":0,"max_rss":4792320,"data":[320286,330735,324212,331617],"involuntary_cs":141,"num_iters":1},{"name":"DropFirstAnyCollectionLazy i1e","voluntary_cs":0,"max_rss":4796416,"data":[335477,329324,333145,333000],"involuntary_cs":109,"num_iters":1},{"name":"DropFirstAnyCollectionLazy i1f","voluntary_cs":0,"max_rss":4796416,"data":[320343,322286,318777,330439],"involuntary_cs":109,"num_iters":1},{"name":"DropFirstAnyCollectionLazy i2a","voluntary_cs":0,"max_rss":4804608,"data":[329103,328505],"involuntary_cs":116,"num_iters":2},{"name":"DropFirstAnyCollectionLazy i2b","voluntary_cs":0,"max_rss":4804608,"data":[323688,323867],"involuntary_cs":127,"num_iters":2},{"name":"DropFirstAnyCollectionLazy i2c","voluntary_cs":0,"max_rss":4800512,"data":[323138,327093],"involuntary_cs":134,"num_iters":2},{"name":"DropFirstAnyCollectionLazy i2d","voluntary_cs":0,"max_rss":4804608,"data":[327523,331253],"involuntary_cs":124,"num_iters":2}],"type":"num_iters","name":"DropFirstAnyCollectionLazy"}