{"series":[{"name":"DropFirstAnySeqCRangeIter i1a","voluntary_cs":0,"max_rss":4812800,"data":[91218,89170,89684,89574,89159,89267,88288,88973],"involuntary_cs":147,"num_iters":1},{"name":"DropFirstAnySeqCRangeIter i1b","voluntary_cs":0,"max_rss":4792320,"data":[89220,91298,89977,89013,89045,89760,89320,90849],"involuntary_cs":125,"num_iters":1},{"name":"DropFirstAnySeqCRangeIter i1c","voluntary_cs":0,"max_rss":4800512,"data":[89414,86938,87515,87455,87219,87393,86548,86698],"involuntary_cs":127,"num_iters":1},{"name":"DropFirstAnySeqCRangeIter i1d","voluntary_cs":0,"max_rss":4800512,"data":[87341,86672,86739,86769,86616,86758,86614,86593],"involuntary_cs":65,"num_iters":1},{"name":"DropFirstAnySeqCRangeIter i1e","voluntary_cs":0,"max_rss":4792320,"data":[87783,87539,87659,88470,89587,87428,87721,87128],"involuntary_cs":88,"num_iters":1},{"name":"DropFirstAnySeqCRangeIter i1f","voluntary_cs":1,"max_rss":4792320,"data":[87482,86928,86895,87000,86872,86852,86871,86845],"involuntary_cs":61,"num_iters":1},{"name":"DropFirstAnySeqCRangeIter i2a","voluntary_cs":0,"max_rss":4796416,"data":[87139,86338,86602,86705],"involuntary_cs":74,"num_iters":2},{"name":"DropFirstAnySeqCRangeIter i2b","voluntary_cs":0,"max_rss":4808704,"data":[87911,87542,87135,87315],"involuntary_cs":68,"num_iters":2},{"name":"DropFirstAnySeqCRangeIter i2c","voluntary_cs":0,"max_rss":4796416,"data":[87412,87510,87452,87432],"involuntary_cs":63,"num_iters":2},{"name":"DropFirstAnySeqCRangeIter i2d","voluntary_cs":0,"max_rss":4796416,"data":[87139,86746,86842,86814],"involuntary_cs":65,"num_iters":2}],"type":"num_iters","name":"DropFirstAnySeqCRangeIter"}