{"series":[{"name":"DropLastAnyCollectionLazy i1a","voluntary_cs":0,"max_rss":4808704,"data":[111578,111345,113531,114556,112214,111142,111128,111387],"involuntary_cs":121,"num_iters":1},{"name":"DropLastAnyCollectionLazy i1b","voluntary_cs":0,"max_rss":4808704,"data":[109948,111754,110117,110866,109175,109317,109671,109464],"involuntary_cs":80,"num_iters":1},{"name":"DropLastAnyCollectionLazy i1c","voluntary_cs":0,"max_rss":4812800,"data":[107797,107039,107562,107073,107062,107314,106996,107007],"involuntary_cs":74,"num_iters":1},{"name":"DropLastAnyCollectionLazy i1d","voluntary_cs":0,"max_rss":4808704,"data":[107814,110405,109303,107213,111575,111589,111605,110207],"involuntary_cs":84,"num_iters":1},{"name":"DropLastAnyCollectionLazy i1e","voluntary_cs":0,"max_rss":4808704,"data":[107478,107068,107127,111029,110259,107241,111233,109588],"involuntary_cs":79,"num_iters":1},{"name":"DropLastAnyCollectionLazy i1f","voluntary_cs":0,"max_rss":4808704,"data":[108485,109575,108595,108267,108609,110855,107787,107847],"involuntary_cs":90,"num_iters":1},{"name":"DropLastAnyCollectionLazy i2a","voluntary_cs":0,"max_rss":4825088,"data":[108905,108503,108572,109049],"involuntary_cs":82,"num_iters":2},{"name":"DropLastAnyCollectionLazy i2b","voluntary_cs":0,"max_rss":4816896,"data":[110773,110464,110962,110703],"involuntary_cs":79,"num_iters":2},{"name":"DropLastAnyCollectionLazy i2c","voluntary_cs":0,"max_rss":4816896,"data":[114201,115441,113436,113937],"involuntary_cs":80,"num_iters":2},{"name":"DropLastAnyCollectionLazy i2d","voluntary_cs":0,"max_rss":4829184,"data":[110545,111034,110350,110479],"involuntary_cs":75,"num_iters":2}],"type":"num_iters","name":"DropLastAnyCollectionLazy"}