{"series":[{"name":"ExistentialTestPassExistentialTwoMethodCalls_IntValueBuffer1 i1a","voluntary_cs":0,"max_rss":4644864,"data":[236292,236033,236021,236022],"involuntary_cs":84,"num_iters":1},{"name":"ExistentialTestPassExistentialTwoMethodCalls_IntValueBuffer1 i1b","voluntary_cs":0,"max_rss":4644864,"data":[236331,236148,236612,236108],"involuntary_cs":99,"num_iters":1},{"name":"ExistentialTestPassExistentialTwoMethodCalls_IntValueBuffer1 i1c","voluntary_cs":0,"max_rss":4644864,"data":[236257,236631,235989,236066],"involuntary_cs":89,"num_iters":1},{"name":"ExistentialTestPassExistentialTwoMethodCalls_IntValueBuffer1 i1d","voluntary_cs":0,"max_rss":4661248,"data":[236324,236062,236014,236076],"involuntary_cs":83,"num_iters":1},{"name":"ExistentialTestPassExistentialTwoMethodCalls_IntValueBuffer1 i1e","voluntary_cs":0,"max_rss":4644864,"data":[236153,236174,236043,236132],"involuntary_cs":87,"num_iters":1},{"name":"ExistentialTestPassExistentialTwoMethodCalls_IntValueBuffer1 i1f","voluntary_cs":0,"max_rss":4644864,"data":[236115,236107,235967,236035],"involuntary_cs":86,"num_iters":1},{"name":"ExistentialTestPassExistentialTwoMethodCalls_IntValueBuffer1 i2a","voluntary_cs":0,"max_rss":4640768,"data":[236443,236377],"involuntary_cs":99,"num_iters":2},{"name":"ExistentialTestPassExistentialTwoMethodCalls_IntValueBuffer1 i2b","voluntary_cs":0,"max_rss":4653056,"data":[236539,236333],"involuntary_cs":91,"num_iters":2},{"name":"ExistentialTestPassExistentialTwoMethodCalls_IntValueBuffer1 i2c","voluntary_cs":0,"max_rss":4653056,"data":[236067,236103],"involuntary_cs":98,"num_iters":2},{"name":"ExistentialTestPassExistentialTwoMethodCalls_IntValueBuffer1 i2d","voluntary_cs":0,"max_rss":4653056,"data":[236064,236040],"involuntary_cs":89,"num_iters":2}],"type":"num_iters","name":"ExistentialTestPassExistentialTwoMethodCalls_IntValueBuffer1"}