{"series":[{"name":"ExistentialTestArrayMutating_ClassValueBuffer1 i1a","voluntary_cs":0,"max_rss":4681728,"data":[79320,80256,84554,79041,79241,79068,79040,78884,79101,79178,79241,79199,79180,79640,79060,78987],"involuntary_cs":153,"num_iters":1},{"name":"ExistentialTestArrayMutating_ClassValueBuffer1 i1b","voluntary_cs":0,"max_rss":4665344,"data":[86990,84054,86853,87002,85694,86921,85503,86907,86909,85735,86852,86533,89433,88404,86646,86920],"involuntary_cs":126,"num_iters":1},{"name":"ExistentialTestArrayMutating_ClassValueBuffer1 i1c","voluntary_cs":0,"max_rss":4665344,"data":[80909,80869,80127,80154,79899,80102,80558,79462,79674,80743,80672,80768,80707,81571,81476,80691],"involuntary_cs":135,"num_iters":1},{"name":"ExistentialTestArrayMutating_ClassValueBuffer1 i1d","voluntary_cs":0,"max_rss":4665344,"data":[79956,79222,79850,79708,79811,79637,79745,79336,79106,79227,79125,80013,79718,79682,79673,79631],"involuntary_cs":108,"num_iters":1},{"name":"ExistentialTestArrayMutating_ClassValueBuffer1 i1e","voluntary_cs":0,"max_rss":4673536,"data":[79410,79113,79335,79368,79396,79167,79118,79111,79186,79108,79125,79151,79201,81651,79129,79204],"involuntary_cs":161,"num_iters":1},{"name":"ExistentialTestArrayMutating_ClassValueBuffer1 i1f","voluntary_cs":0,"max_rss":4665344,"data":[81046,80927,80703,79981,80233,80728,79960,80611,80928,80940,80775,80953,79920,80817,80441,80909],"involuntary_cs":114,"num_iters":1},{"name":"ExistentialTestArrayMutating_ClassValueBuffer1 i2a","voluntary_cs":0,"max_rss":4673536,"data":[79199,79036,79067,79102,79085,79080,78981,79008],"involuntary_cs":115,"num_iters":2},{"name":"ExistentialTestArrayMutating_ClassValueBuffer1 i2b","voluntary_cs":0,"max_rss":4673536,"data":[79411,79156,79143,79192,79189,79047,79482,79376],"involuntary_cs":124,"num_iters":2},{"name":"ExistentialTestArrayMutating_ClassValueBuffer1 i2c","voluntary_cs":0,"max_rss":4673536,"data":[79815,79640,79223,79182,79703,79782,79117,79839],"involuntary_cs":118,"num_iters":2},{"name":"ExistentialTestArrayMutating_ClassValueBuffer1 i2d","voluntary_cs":0,"max_rss":4685824,"data":[79705,79601,79531,79825,79590,79762,79535,79573],"involuntary_cs":115,"num_iters":2}],"type":"num_iters","name":"ExistentialTestArrayMutating_ClassValueBuffer1"}