{"series":[{"name":"ExistentialTestTwoMethodCalls_ClassValueBuffer2 i1a","voluntary_cs":0,"max_rss":4636672,"data":[75617,75576,75562,75524,75530,75516,75538,75528,75524,75527,75534,75616,75569,75520,75707,75498],"involuntary_cs":110,"num_iters":1},{"name":"ExistentialTestTwoMethodCalls_ClassValueBuffer2 i1b","voluntary_cs":0,"max_rss":4644864,"data":[75639,75493,75493,75551,75629,75480,76038,75641,75591,75619,76087,75548,75591,75487,75604,75508],"involuntary_cs":114,"num_iters":1},{"name":"ExistentialTestTwoMethodCalls_ClassValueBuffer2 i1c","voluntary_cs":0,"max_rss":4632576,"data":[75574,75527,75527,75625,75507,75582,75554,75498,75490,75563,75767,75522,75486,75561,75526,75547],"involuntary_cs":120,"num_iters":1},{"name":"ExistentialTestTwoMethodCalls_ClassValueBuffer2 i1d","voluntary_cs":0,"max_rss":4632576,"data":[75656,75591,75548,75552,75524,75583,75536,75491,75487,75499,75537,75559,75490,75527,75492,75555],"involuntary_cs":104,"num_iters":1},{"name":"ExistentialTestTwoMethodCalls_ClassValueBuffer2 i1e","voluntary_cs":0,"max_rss":4632576,"data":[75749,75515,75633,75552,75549,75567,75496,75484,75608,75534,75581,75526,75517,75612,75514,75518],"involuntary_cs":107,"num_iters":1},{"name":"ExistentialTestTwoMethodCalls_ClassValueBuffer2 i1f","voluntary_cs":0,"max_rss":4632576,"data":[75604,75538,75574,75665,75530,75533,75492,75570,75484,75556,75589,75493,76041,75491,75772,76376],"involuntary_cs":114,"num_iters":1},{"name":"ExistentialTestTwoMethodCalls_ClassValueBuffer2 i2a","voluntary_cs":0,"max_rss":4648960,"data":[75622,75533,75488,75564,75544,75489,75508,75540],"involuntary_cs":110,"num_iters":2},{"name":"ExistentialTestTwoMethodCalls_ClassValueBuffer2 i2b","voluntary_cs":0,"max_rss":4628480,"data":[75703,75529,75572,75600,75534,75521,75547,75517],"involuntary_cs":113,"num_iters":2},{"name":"ExistentialTestTwoMethodCalls_ClassValueBuffer2 i2c","voluntary_cs":0,"max_rss":4640768,"data":[75578,75629,75548,75640,75532,75566,75522,75572],"involuntary_cs":116,"num_iters":2},{"name":"ExistentialTestTwoMethodCalls_ClassValueBuffer2 i2d","voluntary_cs":0,"max_rss":4640768,"data":[75597,75541,75562,75656,75486,75530,75543,75589],"involuntary_cs":112,"num_iters":2}],"type":"num_iters","name":"ExistentialTestTwoMethodCalls_ClassValueBuffer2"}