{"series":[{"name":"ExistentialTestArrayConditionalShift_ClassValueBuffer4 i1a","voluntary_cs":0,"max_rss":4681728,"data":[330113,330652,329936,329762],"involuntary_cs":118,"num_iters":1},{"name":"ExistentialTestArrayConditionalShift_ClassValueBuffer4 i1b","voluntary_cs":0,"max_rss":4685824,"data":[329253,331982,329829,330228],"involuntary_cs":136,"num_iters":1},{"name":"ExistentialTestArrayConditionalShift_ClassValueBuffer4 i1c","voluntary_cs":0,"max_rss":4644864,"data":[330259,330104,330038,330374],"involuntary_cs":125,"num_iters":1},{"name":"ExistentialTestArrayConditionalShift_ClassValueBuffer4 i1d","voluntary_cs":0,"max_rss":4681728,"data":[330491,330147,330645,330305],"involuntary_cs":115,"num_iters":1},{"name":"ExistentialTestArrayConditionalShift_ClassValueBuffer4 i1e","voluntary_cs":0,"max_rss":4681728,"data":[332178,331079,330253,330186],"involuntary_cs":117,"num_iters":1},{"name":"ExistentialTestArrayConditionalShift_ClassValueBuffer4 i1f","voluntary_cs":0,"max_rss":4689920,"data":[330191,330043,330270,330152],"involuntary_cs":116,"num_iters":1},{"name":"ExistentialTestArrayConditionalShift_ClassValueBuffer4 i2a","voluntary_cs":0,"max_rss":4665344,"data":[330163,330080],"involuntary_cs":116,"num_iters":2},{"name":"ExistentialTestArrayConditionalShift_ClassValueBuffer4 i2b","voluntary_cs":0,"max_rss":4653056,"data":[330086,329952],"involuntary_cs":119,"num_iters":2},{"name":"ExistentialTestArrayConditionalShift_ClassValueBuffer4 i2c","voluntary_cs":1,"max_rss":4689920,"data":[330727,330391],"involuntary_cs":130,"num_iters":2},{"name":"ExistentialTestArrayConditionalShift_ClassValueBuffer4 i2d","voluntary_cs":0,"max_rss":4689920,"data":[330071,329501],"involuntary_cs":121,"num_iters":2}],"type":"num_iters","name":"ExistentialTestArrayConditionalShift_ClassValueBuffer4"}