{"series":[{"name":"ExistentialTestMutatingAndNonMutating_ClassValueBuffer4 i1a","voluntary_cs":0,"max_rss":4636672,"data":[631416,633078],"involuntary_cs":150,"num_iters":1},{"name":"ExistentialTestMutatingAndNonMutating_ClassValueBuffer4 i1b","voluntary_cs":0,"max_rss":4636672,"data":[630056,628949],"involuntary_cs":113,"num_iters":1},{"name":"ExistentialTestMutatingAndNonMutating_ClassValueBuffer4 i1c","voluntary_cs":0,"max_rss":4636672,"data":[630797,630507],"involuntary_cs":126,"num_iters":1},{"name":"ExistentialTestMutatingAndNonMutating_ClassValueBuffer4 i1d","voluntary_cs":0,"max_rss":4624384,"data":[629783,630885],"involuntary_cs":113,"num_iters":1},{"name":"ExistentialTestMutatingAndNonMutating_ClassValueBuffer4 i1e","voluntary_cs":0,"max_rss":4636672,"data":[628824,631114],"involuntary_cs":115,"num_iters":1},{"name":"ExistentialTestMutatingAndNonMutating_ClassValueBuffer4 i1f","voluntary_cs":0,"max_rss":4636672,"data":[631471,630170],"involuntary_cs":120,"num_iters":1},{"name":"ExistentialTestMutatingAndNonMutating_ClassValueBuffer4 i1g","voluntary_cs":0,"max_rss":4636672,"data":[630836,630805],"involuntary_cs":117,"num_iters":1},{"name":"ExistentialTestMutatingAndNonMutating_ClassValueBuffer4 i1h","voluntary_cs":2,"max_rss":4636672,"data":[631521,631917],"involuntary_cs":128,"num_iters":1},{"name":"ExistentialTestMutatingAndNonMutating_ClassValueBuffer4 i1i","voluntary_cs":0,"max_rss":4636672,"data":[629014,630515],"involuntary_cs":120,"num_iters":1},{"name":"ExistentialTestMutatingAndNonMutating_ClassValueBuffer4 i1j","voluntary_cs":0,"max_rss":4636672,"data":[629026,629722],"involuntary_cs":113,"num_iters":1}],"type":"num_iters","name":"ExistentialTestMutatingAndNonMutating_ClassValueBuffer4"}