{"series":[{"name":"ExistentialTestTwoMethodCalls_ClassValueBuffer1 i1a","voluntary_cs":0,"max_rss":4632576,"data":[78684,78624,78658,78621,78819,78636,78678,78653,78706,78660,78679,78693,78667,78668,78715,78683],"involuntary_cs":112,"num_iters":1},{"name":"ExistentialTestTwoMethodCalls_ClassValueBuffer1 i1b","voluntary_cs":0,"max_rss":4665344,"data":[78741,78759,78710,78625,78638,78667,78710,78657,78856,78738,78684,78658,78674,78699,78634,78759],"involuntary_cs":126,"num_iters":1},{"name":"ExistentialTestTwoMethodCalls_ClassValueBuffer1 i1c","voluntary_cs":0,"max_rss":4636672,"data":[78738,78662,78840,78676,78668,78673,78706,78756,78668,78697,78851,78672,78729,78690,78675,78662],"involuntary_cs":114,"num_iters":1},{"name":"ExistentialTestTwoMethodCalls_ClassValueBuffer1 i1d","voluntary_cs":0,"max_rss":4632576,"data":[78827,78650,79284,78662,78711,78661,78664,79218,78771,78631,78722,78716,78640,78717,78676,78671],"involuntary_cs":111,"num_iters":1},{"name":"ExistentialTestTwoMethodCalls_ClassValueBuffer1 i1e","voluntary_cs":0,"max_rss":4632576,"data":[78770,78837,78680,78702,78695,78740,78626,78662,78707,78666,78685,78711,78664,78662,78661,78698],"involuntary_cs":117,"num_iters":1},{"name":"ExistentialTestTwoMethodCalls_ClassValueBuffer1 i1f","voluntary_cs":0,"max_rss":4632576,"data":[78907,78627,78773,78707,78743,78743,78664,78730,78662,78699,78657,78698,78700,78669,78649,78766],"involuntary_cs":119,"num_iters":1},{"name":"ExistentialTestTwoMethodCalls_ClassValueBuffer1 i2a","voluntary_cs":0,"max_rss":4640768,"data":[78714,78746,78707,78676,78690,78683,78731,78787],"involuntary_cs":121,"num_iters":2},{"name":"ExistentialTestTwoMethodCalls_ClassValueBuffer1 i2b","voluntary_cs":0,"max_rss":4640768,"data":[78695,78764,78932,78683,78690,78946,78688,78661],"involuntary_cs":121,"num_iters":2},{"name":"ExistentialTestTwoMethodCalls_ClassValueBuffer1 i2c","voluntary_cs":0,"max_rss":4661248,"data":[78743,78684,78680,78758,78682,78642,78654,78677],"involuntary_cs":112,"num_iters":2},{"name":"ExistentialTestTwoMethodCalls_ClassValueBuffer1 i2d","voluntary_cs":0,"max_rss":4640768,"data":[78744,78727,78694,78635,78668,78716,78685,78687],"involuntary_cs":109,"num_iters":2}],"type":"num_iters","name":"ExistentialTestTwoMethodCalls_ClassValueBuffer1"}