{"series":[{"name":"ExistentialTestArrayTwoMethodCalls_ClassValueBuffer3 i1a","voluntary_cs":0,"max_rss":4669440,"data":[174829,174261,174804,174186,174203,174284,174255,174220],"involuntary_cs":146,"num_iters":1},{"name":"ExistentialTestArrayTwoMethodCalls_ClassValueBuffer3 i1b","voluntary_cs":0,"max_rss":4673536,"data":[174373,176810,176844,174207,176783,176781,176685,176690],"involuntary_cs":127,"num_iters":1},{"name":"ExistentialTestArrayTwoMethodCalls_ClassValueBuffer3 i1c","voluntary_cs":0,"max_rss":4673536,"data":[173471,176660,176643,173184,173063,173141,177522,173075],"involuntary_cs":122,"num_iters":1},{"name":"ExistentialTestArrayTwoMethodCalls_ClassValueBuffer3 i1d","voluntary_cs":0,"max_rss":4673536,"data":[174546,177858,174267,177898,177894,177707,177887,177947],"involuntary_cs":126,"num_iters":1},{"name":"ExistentialTestArrayTwoMethodCalls_ClassValueBuffer3 i1e","voluntary_cs":0,"max_rss":4673536,"data":[175478,183336,174299,183289,183248,183259,183333,174293],"involuntary_cs":129,"num_iters":1},{"name":"ExistentialTestArrayTwoMethodCalls_ClassValueBuffer3 i1f","voluntary_cs":0,"max_rss":4673536,"data":[174667,174210,174151,174180,177907,174322,174214,174225],"involuntary_cs":139,"num_iters":1},{"name":"ExistentialTestArrayTwoMethodCalls_ClassValueBuffer3 i2a","voluntary_cs":0,"max_rss":4653056,"data":[174267,174568,174513,174163],"involuntary_cs":136,"num_iters":2},{"name":"ExistentialTestArrayTwoMethodCalls_ClassValueBuffer3 i2b","voluntary_cs":0,"max_rss":4681728,"data":[174319,174216,174162,178036],"involuntary_cs":131,"num_iters":2},{"name":"ExistentialTestArrayTwoMethodCalls_ClassValueBuffer3 i2c","voluntary_cs":0,"max_rss":4681728,"data":[173097,173044,176728,173037],"involuntary_cs":125,"num_iters":2},{"name":"ExistentialTestArrayTwoMethodCalls_ClassValueBuffer3 i2d","voluntary_cs":0,"max_rss":4681728,"data":[174279,173865,174096,174102],"involuntary_cs":125,"num_iters":2}],"type":"num_iters","name":"ExistentialTestArrayTwoMethodCalls_ClassValueBuffer3"}