{"series":[{"name":"ExistentialTestArrayMutating_ClassValueBuffer2 i1a","voluntary_cs":0,"max_rss":4669440,"data":[79514,78919,79050,79276,79289,79384,79512,79689,79654,78833,78984,79377,79232,79508,79470,79721],"involuntary_cs":112,"num_iters":1},{"name":"ExistentialTestArrayMutating_ClassValueBuffer2 i1b","voluntary_cs":0,"max_rss":4669440,"data":[80148,78565,80454,80145,80459,80304,80028,78832,80038,80726,78601,78475,81221,78775,78953,77242],"involuntary_cs":111,"num_iters":1},{"name":"ExistentialTestArrayMutating_ClassValueBuffer2 i1c","voluntary_cs":0,"max_rss":4689920,"data":[79388,79755,79172,79715,79680,78891,78807,78718,79679,79544,79664,79741,79394,79665,78571,79146],"involuntary_cs":111,"num_iters":1},{"name":"ExistentialTestArrayMutating_ClassValueBuffer2 i1d","voluntary_cs":0,"max_rss":4669440,"data":[79602,78920,79213,79644,79656,79573,78405,79446,79476,79540,79402,78898,78480,79977,79249,78529],"involuntary_cs":123,"num_iters":1},{"name":"ExistentialTestArrayMutating_ClassValueBuffer2 i1e","voluntary_cs":0,"max_rss":4669440,"data":[79942,78267,79596,79352,79643,79295,79552,79657,79573,78874,78114,78157,79648,79230,79460,79651],"involuntary_cs":112,"num_iters":1},{"name":"ExistentialTestArrayMutating_ClassValueBuffer2 i1f","voluntary_cs":0,"max_rss":4669440,"data":[79811,78165,79612,79287,78094,78106,78089,78180,79636,78770,78135,78080,78082,78071,78899,78102],"involuntary_cs":112,"num_iters":1},{"name":"ExistentialTestArrayMutating_ClassValueBuffer2 i2a","voluntary_cs":0,"max_rss":4677632,"data":[79495,79347,78135,78109,78106,79244,78199,78108],"involuntary_cs":103,"num_iters":2},{"name":"ExistentialTestArrayMutating_ClassValueBuffer2 i2b","voluntary_cs":0,"max_rss":4677632,"data":[79780,79242,79065,79092,79028,79108,78948,78980],"involuntary_cs":118,"num_iters":2},{"name":"ExistentialTestArrayMutating_ClassValueBuffer2 i2c","voluntary_cs":0,"max_rss":4681728,"data":[76394,78965,76449,78962,75951,78966,78884,76637],"involuntary_cs":121,"num_iters":2},{"name":"ExistentialTestArrayMutating_ClassValueBuffer2 i2d","voluntary_cs":0,"max_rss":4677632,"data":[79077,79072,79040,79037,79013,79013,78885,79523],"involuntary_cs":113,"num_iters":2}],"type":"num_iters","name":"ExistentialTestArrayMutating_ClassValueBuffer2"}