{"series":[{"name":"ExistentialTestPassExistentialOneMethodCall_ClassValueBuffer2 i1a","voluntary_cs":0,"max_rss":4644864,"data":[1779932,1780988],"involuntary_cs":306,"num_iters":1},{"name":"ExistentialTestPassExistentialOneMethodCall_ClassValueBuffer2 i1b","voluntary_cs":0,"max_rss":4653056,"data":[1777011,1800931],"involuntary_cs":334,"num_iters":1},{"name":"ExistentialTestPassExistentialOneMethodCall_ClassValueBuffer2 i1c","voluntary_cs":0,"max_rss":4657152,"data":[1778650,1777025],"involuntary_cs":315,"num_iters":1},{"name":"ExistentialTestPassExistentialOneMethodCall_ClassValueBuffer2 i1d","voluntary_cs":0,"max_rss":4644864,"data":[1777112,1780212],"involuntary_cs":366,"num_iters":1},{"name":"ExistentialTestPassExistentialOneMethodCall_ClassValueBuffer2 i1e","voluntary_cs":0,"max_rss":4669440,"data":[1776964,1776741],"involuntary_cs":306,"num_iters":1},{"name":"ExistentialTestPassExistentialOneMethodCall_ClassValueBuffer2 i1f","voluntary_cs":0,"max_rss":4632576,"data":[1780950,1779880],"involuntary_cs":327,"num_iters":1},{"name":"ExistentialTestPassExistentialOneMethodCall_ClassValueBuffer2 i1g","voluntary_cs":0,"max_rss":4644864,"data":[1779812,1801849],"involuntary_cs":321,"num_iters":1},{"name":"ExistentialTestPassExistentialOneMethodCall_ClassValueBuffer2 i1h","voluntary_cs":1,"max_rss":4644864,"data":[1777272,1778575],"involuntary_cs":331,"num_iters":1},{"name":"ExistentialTestPassExistentialOneMethodCall_ClassValueBuffer2 i1i","voluntary_cs":0,"max_rss":4653056,"data":[1781223,1779240],"involuntary_cs":306,"num_iters":1},{"name":"ExistentialTestPassExistentialOneMethodCall_ClassValueBuffer2 i1j","voluntary_cs":0,"max_rss":4644864,"data":[1777008,1778231],"involuntary_cs":328,"num_iters":1}],"type":"num_iters","name":"ExistentialTestPassExistentialOneMethodCall_ClassValueBuffer2"}