{"series":[{"name":"ExistentialTestOneMethodCall_ClassValueBuffer4 i1a","voluntary_cs":1,"max_rss":4644864,"data":[47968,47905,47713,47743,47729,47956,47815,47943,47864,47772,47776,47931,47897,47854,47715,47836],"involuntary_cs":69,"num_iters":1},{"name":"ExistentialTestOneMethodCall_ClassValueBuffer4 i1b","voluntary_cs":0,"max_rss":4636672,"data":[47838,47830,47715,47771,47922,47801,48008,47899,47788,47729,47728,47844,47689,48091,47804,47783],"involuntary_cs":67,"num_iters":1},{"name":"ExistentialTestOneMethodCall_ClassValueBuffer4 i1c","voluntary_cs":0,"max_rss":4636672,"data":[47740,47758,47942,47756,47715,47762,47680,47656,47719,47770,47769,47754,47749,47742,47828,47700],"involuntary_cs":72,"num_iters":1},{"name":"ExistentialTestOneMethodCall_ClassValueBuffer4 i1d","voluntary_cs":0,"max_rss":4636672,"data":[47915,47823,47909,48010,47692,48043,47668,47791,47818,47746,47788,47908,47821,47897,48128,47974],"involuntary_cs":68,"num_iters":1},{"name":"ExistentialTestOneMethodCall_ClassValueBuffer4 i1e","voluntary_cs":0,"max_rss":4636672,"data":[47717,47781,47738,47878,47740,47945,47785,47672,47835,47731,47676,48313,48061,47743,47687,47730],"involuntary_cs":72,"num_iters":1},{"name":"ExistentialTestOneMethodCall_ClassValueBuffer4 i1f","voluntary_cs":0,"max_rss":4636672,"data":[47826,47841,47752,47818,47770,47785,47811,47864,47865,47778,47720,47836,47697,48079,47878,47836],"involuntary_cs":68,"num_iters":1},{"name":"ExistentialTestOneMethodCall_ClassValueBuffer4 i2a","voluntary_cs":0,"max_rss":4644864,"data":[47702,47738,48099,47642,47725,47997,47752,47784],"involuntary_cs":70,"num_iters":2},{"name":"ExistentialTestOneMethodCall_ClassValueBuffer4 i2b","voluntary_cs":0,"max_rss":4644864,"data":[47784,47859,47909,47687,47625,47794,47703,47780],"involuntary_cs":69,"num_iters":2},{"name":"ExistentialTestOneMethodCall_ClassValueBuffer4 i2c","voluntary_cs":0,"max_rss":4644864,"data":[47774,47793,47735,47782,47745,47673,47777,47619],"involuntary_cs":82,"num_iters":2},{"name":"ExistentialTestOneMethodCall_ClassValueBuffer4 i2d","voluntary_cs":0,"max_rss":4644864,"data":[47831,47789,47682,47682,47746,47655,47752,47747],"involuntary_cs":70,"num_iters":2}],"type":"num_iters","name":"ExistentialTestOneMethodCall_ClassValueBuffer4"}