{"series":[{"name":"ExistentialTestArrayOneMethodCall_IntValueBuffer4 i1a","voluntary_cs":0,"max_rss":4706304,"data":[65652,65505,65298,65338,65335,65425,65360,65449,65338,65572,65291,65386,65367,65340,65515,65465],"involuntary_cs":98,"num_iters":1},{"name":"ExistentialTestArrayOneMethodCall_IntValueBuffer4 i1b","voluntary_cs":0,"max_rss":4689920,"data":[65731,65531,65323,65319,65467,65544,65680,65225,65376,65335,65277,65521,65453,65523,65366,65560],"involuntary_cs":97,"num_iters":1},{"name":"ExistentialTestArrayOneMethodCall_IntValueBuffer4 i1c","voluntary_cs":0,"max_rss":4689920,"data":[65580,65508,65467,65554,65323,65299,65719,65324,65510,65392,65489,65445,65505,65325,65535,65395],"involuntary_cs":103,"num_iters":1},{"name":"ExistentialTestArrayOneMethodCall_IntValueBuffer4 i1d","voluntary_cs":0,"max_rss":4689920,"data":[65660,66658,65406,65852,65391,65373,65353,65528,65795,65849,65302,65439,65799,65820,65762,65937],"involuntary_cs":101,"num_iters":1},{"name":"ExistentialTestArrayOneMethodCall_IntValueBuffer4 i1e","voluntary_cs":0,"max_rss":4689920,"data":[65716,65421,65444,65488,65425,65395,65662,66305,65473,65389,65446,65336,65562,65420,65421,65654],"involuntary_cs":100,"num_iters":1},{"name":"ExistentialTestArrayOneMethodCall_IntValueBuffer4 i1f","voluntary_cs":0,"max_rss":4689920,"data":[65553,65616,65383,65572,65333,65493,65523,65308,65593,65482,65328,65473,65428,65418,65469,65574],"involuntary_cs":96,"num_iters":1},{"name":"ExistentialTestArrayOneMethodCall_IntValueBuffer4 i2a","voluntary_cs":0,"max_rss":4698112,"data":[65425,65347,65400,65442,65265,65271,65296,65375],"involuntary_cs":94,"num_iters":2},{"name":"ExistentialTestArrayOneMethodCall_IntValueBuffer4 i2b","voluntary_cs":0,"max_rss":4698112,"data":[65531,65444,65415,65431,65422,65440,65393,65489],"involuntary_cs":98,"num_iters":2},{"name":"ExistentialTestArrayOneMethodCall_IntValueBuffer4 i2c","voluntary_cs":0,"max_rss":4698112,"data":[65895,65345,65531,65359,65454,65385,65401,65476],"involuntary_cs":95,"num_iters":2},{"name":"ExistentialTestArrayOneMethodCall_IntValueBuffer4 i2d","voluntary_cs":0,"max_rss":4698112,"data":[65678,65468,65459,65665,65348,65371,65404,65430],"involuntary_cs":108,"num_iters":2}],"type":"num_iters","name":"ExistentialTestArrayOneMethodCall_IntValueBuffer4"}