{"series":[{"name":"ExistentialTestArrayOneMethodCall_ClassValueBuffer1 i1a","voluntary_cs":0,"max_rss":4665344,"data":[64332,64842,64009,64019,64047,64062,64103,64064,64060,64108,64069,64006,64059,64100,64075,64013],"involuntary_cs":92,"num_iters":1},{"name":"ExistentialTestArrayOneMethodCall_ClassValueBuffer1 i1b","voluntary_cs":0,"max_rss":4665344,"data":[64374,64064,64077,64147,64031,64164,64057,64178,64077,64031,64189,64080,64032,64087,64052,64094],"involuntary_cs":95,"num_iters":1},{"name":"ExistentialTestArrayOneMethodCall_ClassValueBuffer1 i1c","voluntary_cs":0,"max_rss":4665344,"data":[64356,64111,63991,64105,64130,64024,64079,64164,64105,64079,64083,64175,64048,64079,64091,64092],"involuntary_cs":92,"num_iters":1},{"name":"ExistentialTestArrayOneMethodCall_ClassValueBuffer1 i1d","voluntary_cs":0,"max_rss":4665344,"data":[64642,64013,64166,64135,64057,64180,64050,63999,64052,64029,64095,64034,64028,64152,64081,64110],"involuntary_cs":101,"num_iters":1},{"name":"ExistentialTestArrayOneMethodCall_ClassValueBuffer1 i1e","voluntary_cs":0,"max_rss":4640768,"data":[64430,65002,64055,64085,64122,64085,64089,64049,64051,64090,64095,64060,64206,64085,64046,64065],"involuntary_cs":100,"num_iters":1},{"name":"ExistentialTestArrayOneMethodCall_ClassValueBuffer1 i1f","voluntary_cs":0,"max_rss":4665344,"data":[64401,64036,64082,64088,64767,64051,64021,64014,64093,63991,64159,64136,64018,64084,64066,64008],"involuntary_cs":88,"num_iters":1},{"name":"ExistentialTestArrayOneMethodCall_ClassValueBuffer1 i2a","voluntary_cs":0,"max_rss":4673536,"data":[64220,63989,64009,64082,63952,64052,64105,64054],"involuntary_cs":96,"num_iters":2},{"name":"ExistentialTestArrayOneMethodCall_ClassValueBuffer1 i2b","voluntary_cs":0,"max_rss":4673536,"data":[64097,64064,63995,63981,64036,64107,64017,64033],"involuntary_cs":91,"num_iters":2},{"name":"ExistentialTestArrayOneMethodCall_ClassValueBuffer1 i2c","voluntary_cs":0,"max_rss":4673536,"data":[64175,64045,64049,64071,64166,63964,64009,64033],"involuntary_cs":97,"num_iters":2},{"name":"ExistentialTestArrayOneMethodCall_ClassValueBuffer1 i2d","voluntary_cs":0,"max_rss":4673536,"data":[64117,64384,64056,64029,64026,63996,64078,64174],"involuntary_cs":101,"num_iters":2}],"type":"num_iters","name":"ExistentialTestArrayOneMethodCall_ClassValueBuffer1"}