{"series":[{"name":"ExistentialTestArrayMutating_ClassValueBuffer4 i1a","voluntary_cs":0,"max_rss":4685824,"data":[90554,90490,90267,90225,90145,90252,90172,90216],"involuntary_cs":63,"num_iters":1},{"name":"ExistentialTestArrayMutating_ClassValueBuffer4 i1b","voluntary_cs":0,"max_rss":4685824,"data":[90086,90377,90015,89882,90273,89850,89788,89821],"involuntary_cs":64,"num_iters":1},{"name":"ExistentialTestArrayMutating_ClassValueBuffer4 i1c","voluntary_cs":0,"max_rss":4685824,"data":[90031,89946,89877,89690,89690,89687,89781,89821],"involuntary_cs":65,"num_iters":1},{"name":"ExistentialTestArrayMutating_ClassValueBuffer4 i1d","voluntary_cs":0,"max_rss":4685824,"data":[89818,89846,89825,90539,89776,89753,89766,89748],"involuntary_cs":65,"num_iters":1},{"name":"ExistentialTestArrayMutating_ClassValueBuffer4 i1e","voluntary_cs":0,"max_rss":4685824,"data":[90031,89870,89899,89975,89809,89860,89852,89877],"involuntary_cs":66,"num_iters":1},{"name":"ExistentialTestArrayMutating_ClassValueBuffer4 i1f","voluntary_cs":0,"max_rss":4685824,"data":[97008,101932,95473,94115,90040,89752,89800,89850],"involuntary_cs":65,"num_iters":1},{"name":"ExistentialTestArrayMutating_ClassValueBuffer4 i2a","voluntary_cs":0,"max_rss":4694016,"data":[89815,89919,89897,89820],"involuntary_cs":70,"num_iters":2},{"name":"ExistentialTestArrayMutating_ClassValueBuffer4 i2b","voluntary_cs":0,"max_rss":4657152,"data":[89858,89723,89710,89731],"involuntary_cs":65,"num_iters":2},{"name":"ExistentialTestArrayMutating_ClassValueBuffer4 i2c","voluntary_cs":1,"max_rss":4694016,"data":[89824,89902,89647,89708],"involuntary_cs":74,"num_iters":2},{"name":"ExistentialTestArrayMutating_ClassValueBuffer4 i2d","voluntary_cs":0,"max_rss":4694016,"data":[90601,90334,90144,90206],"involuntary_cs":59,"num_iters":2}],"type":"num_iters","name":"ExistentialTestArrayMutating_ClassValueBuffer4"}