{"series":[{"name":"ExistentialTestArrayTwoMethodCalls_ClassValueBuffer2 i1a","voluntary_cs":0,"max_rss":4689920,"data":[120859,120055,120104,119994,120436,120047,119915,120020],"involuntary_cs":103,"num_iters":1},{"name":"ExistentialTestArrayTwoMethodCalls_ClassValueBuffer2 i1b","voluntary_cs":0,"max_rss":4669440,"data":[120195,120092,119894,119919,119910,120036,120007,119942],"involuntary_cs":83,"num_iters":1},{"name":"ExistentialTestArrayTwoMethodCalls_ClassValueBuffer2 i1c","voluntary_cs":0,"max_rss":4669440,"data":[120161,119984,119991,119951,120005,119946,119953,119960],"involuntary_cs":88,"num_iters":1},{"name":"ExistentialTestArrayTwoMethodCalls_ClassValueBuffer2 i1d","voluntary_cs":0,"max_rss":4669440,"data":[120163,119969,119991,120224,119902,119942,120595,119942],"involuntary_cs":98,"num_iters":1},{"name":"ExistentialTestArrayTwoMethodCalls_ClassValueBuffer2 i1e","voluntary_cs":0,"max_rss":4669440,"data":[120162,119930,120069,120002,119888,119914,119974,119961],"involuntary_cs":88,"num_iters":1},{"name":"ExistentialTestArrayTwoMethodCalls_ClassValueBuffer2 i1f","voluntary_cs":0,"max_rss":4669440,"data":[120232,120243,121564,121526,120171,119951,120028,119971],"involuntary_cs":110,"num_iters":1},{"name":"ExistentialTestArrayTwoMethodCalls_ClassValueBuffer2 i2a","voluntary_cs":0,"max_rss":4677632,"data":[120024,119946,119933,119925],"involuntary_cs":86,"num_iters":2},{"name":"ExistentialTestArrayTwoMethodCalls_ClassValueBuffer2 i2b","voluntary_cs":0,"max_rss":4677632,"data":[120103,120444,120010,119855],"involuntary_cs":100,"num_iters":2},{"name":"ExistentialTestArrayTwoMethodCalls_ClassValueBuffer2 i2c","voluntary_cs":0,"max_rss":4677632,"data":[120015,120053,120337,119884],"involuntary_cs":106,"num_iters":2},{"name":"ExistentialTestArrayTwoMethodCalls_ClassValueBuffer2 i2d","voluntary_cs":0,"max_rss":4677632,"data":[120455,120003,119923,120080],"involuntary_cs":87,"num_iters":2}],"type":"num_iters","name":"ExistentialTestArrayTwoMethodCalls_ClassValueBuffer2"}