{"series":[{"name":"ExistentialTestArrayOneMethodCall_ClassValueBuffer2 i1a","voluntary_cs":0,"max_rss":4669440,"data":[116601,115891,116025,116011,116042,115932,116112,115850],"involuntary_cs":84,"num_iters":1},{"name":"ExistentialTestArrayOneMethodCall_ClassValueBuffer2 i1b","voluntary_cs":0,"max_rss":4669440,"data":[116214,116095,115926,116010,116096,116063,115959,116069],"involuntary_cs":86,"num_iters":1},{"name":"ExistentialTestArrayOneMethodCall_ClassValueBuffer2 i1c","voluntary_cs":0,"max_rss":4669440,"data":[116374,115987,116040,116092,115988,115918,115949,116124],"involuntary_cs":83,"num_iters":1},{"name":"ExistentialTestArrayOneMethodCall_ClassValueBuffer2 i1d","voluntary_cs":0,"max_rss":4677632,"data":[116399,117150,119900,119090,119123,115984,116018,115946],"involuntary_cs":93,"num_iters":1},{"name":"ExistentialTestArrayOneMethodCall_ClassValueBuffer2 i1e","voluntary_cs":0,"max_rss":4669440,"data":[116598,116594,115961,115990,116012,116106,116031,115910],"involuntary_cs":82,"num_iters":1},{"name":"ExistentialTestArrayOneMethodCall_ClassValueBuffer2 i1f","voluntary_cs":0,"max_rss":4669440,"data":[116209,116310,116016,115936,116010,116632,115929,115900],"involuntary_cs":88,"num_iters":1},{"name":"ExistentialTestArrayOneMethodCall_ClassValueBuffer2 i2a","voluntary_cs":0,"max_rss":4677632,"data":[115970,116014,115958,116078],"involuntary_cs":94,"num_iters":2},{"name":"ExistentialTestArrayOneMethodCall_ClassValueBuffer2 i2b","voluntary_cs":0,"max_rss":4653056,"data":[116128,115956,115980,115904],"involuntary_cs":86,"num_iters":2},{"name":"ExistentialTestArrayOneMethodCall_ClassValueBuffer2 i2c","voluntary_cs":0,"max_rss":4677632,"data":[116162,116042,115959,115894],"involuntary_cs":90,"num_iters":2},{"name":"ExistentialTestArrayOneMethodCall_ClassValueBuffer2 i2d","voluntary_cs":0,"max_rss":4689920,"data":[116015,115935,115973,116325],"involuntary_cs":84,"num_iters":2}],"type":"num_iters","name":"ExistentialTestArrayOneMethodCall_ClassValueBuffer2"}