{"series":[{"name":"ExistentialTestPassExistentialTwoMethodCalls_ClassValueBuffer1 i1a","voluntary_cs":0,"max_rss":4624384,"data":[1027878,1032651],"involuntary_cs":227,"num_iters":1},{"name":"ExistentialTestPassExistentialTwoMethodCalls_ClassValueBuffer1 i1b","voluntary_cs":0,"max_rss":4624384,"data":[1027271,1027289],"involuntary_cs":200,"num_iters":1},{"name":"ExistentialTestPassExistentialTwoMethodCalls_ClassValueBuffer1 i1c","voluntary_cs":0,"max_rss":4636672,"data":[1027095,1026812],"involuntary_cs":178,"num_iters":1},{"name":"ExistentialTestPassExistentialTwoMethodCalls_ClassValueBuffer1 i1d","voluntary_cs":0,"max_rss":4644864,"data":[1027931,1028085],"involuntary_cs":184,"num_iters":1},{"name":"ExistentialTestPassExistentialTwoMethodCalls_ClassValueBuffer1 i1e","voluntary_cs":0,"max_rss":4636672,"data":[1027518,1026614],"involuntary_cs":178,"num_iters":1},{"name":"ExistentialTestPassExistentialTwoMethodCalls_ClassValueBuffer1 i1f","voluntary_cs":0,"max_rss":4636672,"data":[1027971,1027395],"involuntary_cs":191,"num_iters":1},{"name":"ExistentialTestPassExistentialTwoMethodCalls_ClassValueBuffer1 i1g","voluntary_cs":0,"max_rss":4636672,"data":[1028027,1029735],"involuntary_cs":191,"num_iters":1},{"name":"ExistentialTestPassExistentialTwoMethodCalls_ClassValueBuffer1 i1h","voluntary_cs":0,"max_rss":4636672,"data":[1029780,1028103],"involuntary_cs":202,"num_iters":1},{"name":"ExistentialTestPassExistentialTwoMethodCalls_ClassValueBuffer1 i1i","voluntary_cs":0,"max_rss":4636672,"data":[1027835,1027897],"involuntary_cs":194,"num_iters":1},{"name":"ExistentialTestPassExistentialTwoMethodCalls_ClassValueBuffer1 i1j","voluntary_cs":0,"max_rss":4636672,"data":[1027436,1027194],"involuntary_cs":180,"num_iters":1}],"type":"num_iters","name":"ExistentialTestPassExistentialTwoMethodCalls_ClassValueBuffer1"}