{"series":[{"name":"ExistentialTestTwoMethodCalls_ClassValueBuffer3 i1a","voluntary_cs":0,"max_rss":4640768,"data":[78781,79361,78651,78702,78691,78717,78697,78728,78683,78671,78792,78633,78785,78707,78624,78640],"involuntary_cs":126,"num_iters":1},{"name":"ExistentialTestTwoMethodCalls_ClassValueBuffer3 i1b","voluntary_cs":0,"max_rss":4653056,"data":[78775,78687,78770,78802,78683,78679,78708,78667,78725,78656,78631,78656,78670,78779,78680,78661],"involuntary_cs":109,"num_iters":1},{"name":"ExistentialTestTwoMethodCalls_ClassValueBuffer3 i1c","voluntary_cs":0,"max_rss":4640768,"data":[78792,78687,78731,78675,78691,78701,78672,78718,78663,78693,78719,78674,78753,78660,78682,78668],"involuntary_cs":113,"num_iters":1},{"name":"ExistentialTestTwoMethodCalls_ClassValueBuffer3 i1d","voluntary_cs":0,"max_rss":4640768,"data":[78826,78714,78679,78665,78698,78665,78694,78772,78788,78664,78670,78635,78652,78644,78811,78711],"involuntary_cs":128,"num_iters":1},{"name":"ExistentialTestTwoMethodCalls_ClassValueBuffer3 i1e","voluntary_cs":0,"max_rss":4640768,"data":[79299,78743,78733,78728,79272,78758,78688,78768,78658,78634,78686,78707,78661,78671,78666,78711],"involuntary_cs":116,"num_iters":1},{"name":"ExistentialTestTwoMethodCalls_ClassValueBuffer3 i1f","voluntary_cs":0,"max_rss":4640768,"data":[78742,78671,78793,78726,78692,78685,78718,78659,78669,78734,78699,78685,78625,78633,78647,78724],"involuntary_cs":115,"num_iters":1},{"name":"ExistentialTestTwoMethodCalls_ClassValueBuffer3 i2a","voluntary_cs":0,"max_rss":4648960,"data":[78701,78700,78672,78682,78647,78688,78746,78647],"involuntary_cs":116,"num_iters":2},{"name":"ExistentialTestTwoMethodCalls_ClassValueBuffer3 i2b","voluntary_cs":0,"max_rss":4648960,"data":[79978,78655,78714,78635,78726,78799,78667,78628],"involuntary_cs":123,"num_iters":2},{"name":"ExistentialTestTwoMethodCalls_ClassValueBuffer3 i2c","voluntary_cs":0,"max_rss":4648960,"data":[78752,78707,78972,80004,78642,78663,78656,78687],"involuntary_cs":145,"num_iters":2},{"name":"ExistentialTestTwoMethodCalls_ClassValueBuffer3 i2d","voluntary_cs":0,"max_rss":4648960,"data":[78690,78739,78675,78755,78711,78684,78623,78635],"involuntary_cs":123,"num_iters":2}],"type":"num_iters","name":"ExistentialTestTwoMethodCalls_ClassValueBuffer3"}