{"series":[{"name":"ExistentialTestPassExistentialOneMethodCall_ClassValueBuffer4 i1a","voluntary_cs":0,"max_rss":4640768,"data":[1021802,1022386],"involuntary_cs":191,"num_iters":1},{"name":"ExistentialTestPassExistentialOneMethodCall_ClassValueBuffer4 i1b","voluntary_cs":0,"max_rss":4644864,"data":[1022141,1019130],"involuntary_cs":195,"num_iters":1},{"name":"ExistentialTestPassExistentialOneMethodCall_ClassValueBuffer4 i1c","voluntary_cs":0,"max_rss":4644864,"data":[1021337,1023123],"involuntary_cs":184,"num_iters":1},{"name":"ExistentialTestPassExistentialOneMethodCall_ClassValueBuffer4 i1d","voluntary_cs":0,"max_rss":4653056,"data":[1021577,1022344],"involuntary_cs":185,"num_iters":1},{"name":"ExistentialTestPassExistentialOneMethodCall_ClassValueBuffer4 i1e","voluntary_cs":0,"max_rss":4644864,"data":[1022504,1019117],"involuntary_cs":200,"num_iters":1},{"name":"ExistentialTestPassExistentialOneMethodCall_ClassValueBuffer4 i1f","voluntary_cs":0,"max_rss":4632576,"data":[1021495,1021468],"involuntary_cs":183,"num_iters":1},{"name":"ExistentialTestPassExistentialOneMethodCall_ClassValueBuffer4 i1g","voluntary_cs":0,"max_rss":4681728,"data":[1024543,1022076],"involuntary_cs":183,"num_iters":1},{"name":"ExistentialTestPassExistentialOneMethodCall_ClassValueBuffer4 i1h","voluntary_cs":0,"max_rss":4644864,"data":[1021061,1019079],"involuntary_cs":181,"num_iters":1},{"name":"ExistentialTestPassExistentialOneMethodCall_ClassValueBuffer4 i1i","voluntary_cs":0,"max_rss":4644864,"data":[1021679,1019859],"involuntary_cs":188,"num_iters":1},{"name":"ExistentialTestPassExistentialOneMethodCall_ClassValueBuffer4 i1j","voluntary_cs":0,"max_rss":4644864,"data":[1022047,1033013],"involuntary_cs":181,"num_iters":1}],"type":"num_iters","name":"ExistentialTestPassExistentialOneMethodCall_ClassValueBuffer4"}