{"series":[{"name":"ExistentialTestOneMethodCall_IntValueBuffer4 i1a","voluntary_cs":0,"max_rss":4640768,"data":[45444,45435,45561,45575,45552,45576,45543,45515,45657,45544,45675,46010,45569,45529,45558,45600],"involuntary_cs":74,"num_iters":1},{"name":"ExistentialTestOneMethodCall_IntValueBuffer4 i1b","voluntary_cs":0,"max_rss":4636672,"data":[45543,45523,45505,46069,45562,45485,45442,45486,45504,45497,45499,45470,45464,45600,45456,45534],"involuntary_cs":68,"num_iters":1},{"name":"ExistentialTestOneMethodCall_IntValueBuffer4 i1c","voluntary_cs":0,"max_rss":4636672,"data":[45596,45782,45535,45276,45530,45561,45428,45461,45340,45479,45368,45456,45590,45518,45323,45401],"involuntary_cs":64,"num_iters":1},{"name":"ExistentialTestOneMethodCall_IntValueBuffer4 i1d","voluntary_cs":0,"max_rss":4644864,"data":[45437,45603,45531,45552,45534,45616,45580,45571,45564,45540,45562,45574,45512,45557,45607,45452],"involuntary_cs":64,"num_iters":1},{"name":"ExistentialTestOneMethodCall_IntValueBuffer4 i1e","voluntary_cs":0,"max_rss":4648960,"data":[45531,45641,45486,45438,45500,45488,45461,45514,45509,45399,45493,45420,45474,45483,45559,45500],"involuntary_cs":68,"num_iters":1},{"name":"ExistentialTestOneMethodCall_IntValueBuffer4 i1f","voluntary_cs":0,"max_rss":4636672,"data":[45623,45553,45606,45526,45500,45552,45452,45464,45577,45513,45431,45383,45391,45535,45519,45454],"involuntary_cs":68,"num_iters":1},{"name":"ExistentialTestOneMethodCall_IntValueBuffer4 i2a","voluntary_cs":1,"max_rss":4644864,"data":[45418,45529,45442,45507,45436,45497,45505,45405],"involuntary_cs":76,"num_iters":2},{"name":"ExistentialTestOneMethodCall_IntValueBuffer4 i2b","voluntary_cs":0,"max_rss":4644864,"data":[45494,45525,45562,45493,45606,45343,45906,45475],"involuntary_cs":84,"num_iters":2},{"name":"ExistentialTestOneMethodCall_IntValueBuffer4 i2c","voluntary_cs":0,"max_rss":4644864,"data":[45397,45446,45742,45385,45455,45378,45426,45438],"involuntary_cs":73,"num_iters":2},{"name":"ExistentialTestOneMethodCall_IntValueBuffer4 i2d","voluntary_cs":0,"max_rss":4653056,"data":[45508,45511,45469,45551,45518,45571,45519,45551],"involuntary_cs":64,"num_iters":2}],"type":"num_iters","name":"ExistentialTestOneMethodCall_IntValueBuffer4"}