{"series":[{"name":"ExistentialTestMutatingAndNonMutating_ClassValueBuffer2 i1a","voluntary_cs":0,"max_rss":4636672,"data":[917196,918069],"involuntary_cs":164,"num_iters":1},{"name":"ExistentialTestMutatingAndNonMutating_ClassValueBuffer2 i1b","voluntary_cs":0,"max_rss":4636672,"data":[917385,917879],"involuntary_cs":199,"num_iters":1},{"name":"ExistentialTestMutatingAndNonMutating_ClassValueBuffer2 i1c","voluntary_cs":0,"max_rss":4636672,"data":[918650,918090],"involuntary_cs":158,"num_iters":1},{"name":"ExistentialTestMutatingAndNonMutating_ClassValueBuffer2 i1d","voluntary_cs":0,"max_rss":4624384,"data":[916831,917260],"involuntary_cs":157,"num_iters":1},{"name":"ExistentialTestMutatingAndNonMutating_ClassValueBuffer2 i1e","voluntary_cs":0,"max_rss":4636672,"data":[927975,917217],"involuntary_cs":253,"num_iters":1},{"name":"ExistentialTestMutatingAndNonMutating_ClassValueBuffer2 i1f","voluntary_cs":0,"max_rss":4644864,"data":[917172,917708],"involuntary_cs":180,"num_iters":1},{"name":"ExistentialTestMutatingAndNonMutating_ClassValueBuffer2 i1g","voluntary_cs":0,"max_rss":4636672,"data":[917542,917995],"involuntary_cs":162,"num_iters":1},{"name":"ExistentialTestMutatingAndNonMutating_ClassValueBuffer2 i1h","voluntary_cs":0,"max_rss":4624384,"data":[917766,917231],"involuntary_cs":165,"num_iters":1},{"name":"ExistentialTestMutatingAndNonMutating_ClassValueBuffer2 i1i","voluntary_cs":0,"max_rss":4636672,"data":[917422,917326],"involuntary_cs":164,"num_iters":1},{"name":"ExistentialTestMutatingAndNonMutating_ClassValueBuffer2 i1j","voluntary_cs":0,"max_rss":4636672,"data":[917842,917825],"involuntary_cs":173,"num_iters":1}],"type":"num_iters","name":"ExistentialTestMutatingAndNonMutating_ClassValueBuffer2"}