{"series":[{"name":"ExistentialTestArrayShift_ClassValueBuffer4 i1a","voluntary_cs":0,"max_rss":4685824,"data":[257691,257575,257399,257451],"involuntary_cs":93,"num_iters":1},{"name":"ExistentialTestArrayShift_ClassValueBuffer4 i1b","voluntary_cs":0,"max_rss":4685824,"data":[257510,257636,257531,257659],"involuntary_cs":93,"num_iters":1},{"name":"ExistentialTestArrayShift_ClassValueBuffer4 i1c","voluntary_cs":0,"max_rss":4685824,"data":[257385,257232,258676,256482],"involuntary_cs":99,"num_iters":1},{"name":"ExistentialTestArrayShift_ClassValueBuffer4 i1d","voluntary_cs":0,"max_rss":4698112,"data":[257600,257187,257938,257249],"involuntary_cs":101,"num_iters":1},{"name":"ExistentialTestArrayShift_ClassValueBuffer4 i1e","voluntary_cs":0,"max_rss":4685824,"data":[257692,257369,257636,257422],"involuntary_cs":94,"num_iters":1},{"name":"ExistentialTestArrayShift_ClassValueBuffer4 i1f","voluntary_cs":0,"max_rss":4685824,"data":[256693,256664,257125,256541],"involuntary_cs":95,"num_iters":1},{"name":"ExistentialTestArrayShift_ClassValueBuffer4 i2a","voluntary_cs":0,"max_rss":4669440,"data":[257393,257354],"involuntary_cs":96,"num_iters":2},{"name":"ExistentialTestArrayShift_ClassValueBuffer4 i2b","voluntary_cs":0,"max_rss":4694016,"data":[257991,257854],"involuntary_cs":90,"num_iters":2},{"name":"ExistentialTestArrayShift_ClassValueBuffer4 i2c","voluntary_cs":0,"max_rss":4694016,"data":[257473,257728],"involuntary_cs":99,"num_iters":2},{"name":"ExistentialTestArrayShift_ClassValueBuffer4 i2d","voluntary_cs":2,"max_rss":4694016,"data":[257498,257699],"involuntary_cs":103,"num_iters":2}],"type":"num_iters","name":"ExistentialTestArrayShift_ClassValueBuffer4"}