{"series":[{"name":"ExistentialTestArrayConditionalShift_IntValueBuffer3 i1a","voluntary_cs":0,"max_rss":4669440,"data":[176292,176173,176109,176098,176144,176144,176168,176994],"involuntary_cs":121,"num_iters":1},{"name":"ExistentialTestArrayConditionalShift_IntValueBuffer3 i1b","voluntary_cs":0,"max_rss":4661248,"data":[175848,174551,174410,174523,174416,174494,174668,177558],"involuntary_cs":125,"num_iters":1},{"name":"ExistentialTestArrayConditionalShift_IntValueBuffer3 i1c","voluntary_cs":0,"max_rss":4661248,"data":[175910,175984,175739,175865,175690,175747,175725,175819],"involuntary_cs":129,"num_iters":1},{"name":"ExistentialTestArrayConditionalShift_IntValueBuffer3 i1d","voluntary_cs":0,"max_rss":4677632,"data":[176268,176029,176105,176248,176116,176198,176154,176167],"involuntary_cs":125,"num_iters":1},{"name":"ExistentialTestArrayConditionalShift_IntValueBuffer3 i1e","voluntary_cs":0,"max_rss":4665344,"data":[172744,173261,172626,172630,172576,173378,173318,173272],"involuntary_cs":117,"num_iters":1},{"name":"ExistentialTestArrayConditionalShift_IntValueBuffer3 i1f","voluntary_cs":0,"max_rss":4661248,"data":[175773,175647,175580,173398,175659,173505,176256,173426],"involuntary_cs":127,"num_iters":1},{"name":"ExistentialTestArrayConditionalShift_IntValueBuffer3 i2a","voluntary_cs":0,"max_rss":4669440,"data":[175766,173482,173427,173428],"involuntary_cs":122,"num_iters":2},{"name":"ExistentialTestArrayConditionalShift_IntValueBuffer3 i2b","voluntary_cs":0,"max_rss":4669440,"data":[175832,173879,174320,174234],"involuntary_cs":132,"num_iters":2},{"name":"ExistentialTestArrayConditionalShift_IntValueBuffer3 i2c","voluntary_cs":0,"max_rss":4669440,"data":[175689,175675,176015,174498],"involuntary_cs":126,"num_iters":2},{"name":"ExistentialTestArrayConditionalShift_IntValueBuffer3 i2d","voluntary_cs":0,"max_rss":4665344,"data":[173815,173658,173923,173662],"involuntary_cs":121,"num_iters":2}],"type":"num_iters","name":"ExistentialTestArrayConditionalShift_IntValueBuffer3"}