{"series":[{"name":"ExistentialTestMutatingAndNonMutating_IntValueBuffer1 i1a","voluntary_cs":0,"max_rss":4644864,"data":[110177,110183,110137,110102,110119,110201,110279,110156],"involuntary_cs":81,"num_iters":1},{"name":"ExistentialTestMutatingAndNonMutating_IntValueBuffer1 i1b","voluntary_cs":0,"max_rss":4636672,"data":[110181,110185,110158,110121,110178,110207,110141,110201],"involuntary_cs":74,"num_iters":1},{"name":"ExistentialTestMutatingAndNonMutating_IntValueBuffer1 i1c","voluntary_cs":0,"max_rss":4636672,"data":[110188,110208,110162,110164,110121,110153,110167,110104],"involuntary_cs":86,"num_iters":1},{"name":"ExistentialTestMutatingAndNonMutating_IntValueBuffer1 i1d","voluntary_cs":0,"max_rss":4636672,"data":[110194,110181,110149,110115,110152,110128,110156,110211],"involuntary_cs":78,"num_iters":1},{"name":"ExistentialTestMutatingAndNonMutating_IntValueBuffer1 i1e","voluntary_cs":0,"max_rss":4636672,"data":[110513,110179,110758,110085,110190,110160,110183,110102],"involuntary_cs":82,"num_iters":1},{"name":"ExistentialTestMutatingAndNonMutating_IntValueBuffer1 i1f","voluntary_cs":0,"max_rss":4636672,"data":[110225,110234,110167,110162,110883,110190,110162,110136],"involuntary_cs":82,"num_iters":1},{"name":"ExistentialTestMutatingAndNonMutating_IntValueBuffer1 i2a","voluntary_cs":0,"max_rss":4644864,"data":[110244,110224,110147,110163],"involuntary_cs":84,"num_iters":2},{"name":"ExistentialTestMutatingAndNonMutating_IntValueBuffer1 i2b","voluntary_cs":0,"max_rss":4653056,"data":[110182,110208,110171,110135],"involuntary_cs":79,"num_iters":2},{"name":"ExistentialTestMutatingAndNonMutating_IntValueBuffer1 i2c","voluntary_cs":0,"max_rss":4644864,"data":[110241,110189,110172,110113],"involuntary_cs":89,"num_iters":2},{"name":"ExistentialTestMutatingAndNonMutating_IntValueBuffer1 i2d","voluntary_cs":0,"max_rss":4644864,"data":[110174,110541,110223,110238],"involuntary_cs":100,"num_iters":2}],"type":"num_iters","name":"ExistentialTestMutatingAndNonMutating_IntValueBuffer1"}