{"series":[{"name":"ExistentialTestArrayConditionalShift_IntValueBuffer2 i1a","voluntary_cs":0,"max_rss":4657152,"data":[176898,177345,176974,176683,176795,176928,176702,176671],"involuntary_cs":122,"num_iters":1},{"name":"ExistentialTestArrayConditionalShift_IntValueBuffer2 i1b","voluntary_cs":0,"max_rss":4657152,"data":[176403,176763,176134,172627,176270,176297,172585,176203],"involuntary_cs":132,"num_iters":1},{"name":"ExistentialTestArrayConditionalShift_IntValueBuffer2 i1c","voluntary_cs":0,"max_rss":4657152,"data":[176816,176889,176626,176775,176992,176887,176681,176901],"involuntary_cs":132,"num_iters":1},{"name":"ExistentialTestArrayConditionalShift_IntValueBuffer2 i1d","voluntary_cs":0,"max_rss":4665344,"data":[175253,175189,175292,175250,175200,175229,175852,175098],"involuntary_cs":124,"num_iters":1},{"name":"ExistentialTestArrayConditionalShift_IntValueBuffer2 i1e","voluntary_cs":0,"max_rss":4657152,"data":[176811,176755,176692,176713,176708,176672,177221,176693],"involuntary_cs":121,"num_iters":1},{"name":"ExistentialTestArrayConditionalShift_IntValueBuffer2 i1f","voluntary_cs":0,"max_rss":4657152,"data":[175903,175923,175986,175755,175787,176027,175984,175952],"involuntary_cs":128,"num_iters":1},{"name":"ExistentialTestArrayConditionalShift_IntValueBuffer2 i2a","voluntary_cs":0,"max_rss":4665344,"data":[176229,176221,172394,172384],"involuntary_cs":126,"num_iters":2},{"name":"ExistentialTestArrayConditionalShift_IntValueBuffer2 i2b","voluntary_cs":0,"max_rss":4665344,"data":[174895,175211,175568,175230],"involuntary_cs":136,"num_iters":2},{"name":"ExistentialTestArrayConditionalShift_IntValueBuffer2 i2c","voluntary_cs":0,"max_rss":4665344,"data":[174894,175302,175553,174817],"involuntary_cs":122,"num_iters":2},{"name":"ExistentialTestArrayConditionalShift_IntValueBuffer2 i2d","voluntary_cs":0,"max_rss":4677632,"data":[176343,176196,176198,176235],"involuntary_cs":123,"num_iters":2}],"type":"num_iters","name":"ExistentialTestArrayConditionalShift_IntValueBuffer2"}