{"series":[{"name":"ExistentialTestPassExistentialTwoMethodCalls_ClassValueBuffer3 i1a","voluntary_cs":0,"max_rss":4636672,"data":[2638593,2761051],"involuntary_cs":504,"num_iters":1},{"name":"ExistentialTestPassExistentialTwoMethodCalls_ClassValueBuffer3 i1b","voluntary_cs":0,"max_rss":4624384,"data":[2638380,2640074],"involuntary_cs":466,"num_iters":1},{"name":"ExistentialTestPassExistentialTwoMethodCalls_ClassValueBuffer3 i1c","voluntary_cs":0,"max_rss":4636672,"data":[2638931,2760063],"involuntary_cs":478,"num_iters":1},{"name":"ExistentialTestPassExistentialTwoMethodCalls_ClassValueBuffer3 i1d","voluntary_cs":0,"max_rss":4644864,"data":[2639187,2638412],"involuntary_cs":480,"num_iters":1},{"name":"ExistentialTestPassExistentialTwoMethodCalls_ClassValueBuffer3 i1e","voluntary_cs":0,"max_rss":4624384,"data":[2639063,2639034],"involuntary_cs":480,"num_iters":1},{"name":"ExistentialTestPassExistentialTwoMethodCalls_ClassValueBuffer3 i1f","voluntary_cs":0,"max_rss":4636672,"data":[2640213,2759486],"involuntary_cs":472,"num_iters":1},{"name":"ExistentialTestPassExistentialTwoMethodCalls_ClassValueBuffer3 i1g","voluntary_cs":0,"max_rss":4636672,"data":[2640672,2759793],"involuntary_cs":493,"num_iters":1},{"name":"ExistentialTestPassExistentialTwoMethodCalls_ClassValueBuffer3 i1h","voluntary_cs":0,"max_rss":4636672,"data":[2638412,2638950],"involuntary_cs":475,"num_iters":1},{"name":"ExistentialTestPassExistentialTwoMethodCalls_ClassValueBuffer3 i1i","voluntary_cs":0,"max_rss":4644864,"data":[2639033,2759484],"involuntary_cs":478,"num_iters":1},{"name":"ExistentialTestPassExistentialTwoMethodCalls_ClassValueBuffer3 i1j","voluntary_cs":0,"max_rss":4636672,"data":[2640809,2759271],"involuntary_cs":488,"num_iters":1}],"type":"num_iters","name":"ExistentialTestPassExistentialTwoMethodCalls_ClassValueBuffer3"}