{"series":[{"name":"ExistentialTestPassExistentialOneMethodCall_IntValueBuffer3 i1a","voluntary_cs":0,"max_rss":4636672,"data":[188143,186996,187957,188025],"involuntary_cs":72,"num_iters":1},{"name":"ExistentialTestPassExistentialOneMethodCall_IntValueBuffer3 i1b","voluntary_cs":0,"max_rss":4636672,"data":[187709,190592,187483,188512],"involuntary_cs":69,"num_iters":1},{"name":"ExistentialTestPassExistentialOneMethodCall_IntValueBuffer3 i1c","voluntary_cs":0,"max_rss":4636672,"data":[189044,188312,187408,188071],"involuntary_cs":81,"num_iters":1},{"name":"ExistentialTestPassExistentialOneMethodCall_IntValueBuffer3 i1d","voluntary_cs":0,"max_rss":4636672,"data":[187399,187680,189096,187582],"involuntary_cs":71,"num_iters":1},{"name":"ExistentialTestPassExistentialOneMethodCall_IntValueBuffer3 i1e","voluntary_cs":0,"max_rss":4636672,"data":[187611,188120,190730,188231],"involuntary_cs":71,"num_iters":1},{"name":"ExistentialTestPassExistentialOneMethodCall_IntValueBuffer3 i1f","voluntary_cs":0,"max_rss":4648960,"data":[187141,188174,188324,187265],"involuntary_cs":64,"num_iters":1},{"name":"ExistentialTestPassExistentialOneMethodCall_IntValueBuffer3 i2a","voluntary_cs":0,"max_rss":4632576,"data":[187985,187942],"involuntary_cs":68,"num_iters":2},{"name":"ExistentialTestPassExistentialOneMethodCall_IntValueBuffer3 i2b","voluntary_cs":0,"max_rss":4644864,"data":[187120,187906],"involuntary_cs":79,"num_iters":2},{"name":"ExistentialTestPassExistentialOneMethodCall_IntValueBuffer3 i2c","voluntary_cs":0,"max_rss":4644864,"data":[187892,188031],"involuntary_cs":72,"num_iters":2},{"name":"ExistentialTestPassExistentialOneMethodCall_IntValueBuffer3 i2d","voluntary_cs":0,"max_rss":4644864,"data":[188478,186286],"involuntary_cs":73,"num_iters":2}],"type":"num_iters","name":"ExistentialTestPassExistentialOneMethodCall_IntValueBuffer3"}