{"series":[{"name":"ExistentialTestArrayTwoMethodCalls_ClassValueBuffer4 i1a","voluntary_cs":0,"max_rss":4681728,"data":[72269,72022,72127,72835,71164,72192,72190,70916,70965,71958,72011,71106,72017,72017,72040,71013],"involuntary_cs":106,"num_iters":1},{"name":"ExistentialTestArrayTwoMethodCalls_ClassValueBuffer4 i1b","voluntary_cs":0,"max_rss":4685824,"data":[78834,79583,80246,80213,79531,80257,78368,75550,79758,80150,75236,80135,80235,77877,80195,80313],"involuntary_cs":110,"num_iters":1},{"name":"ExistentialTestArrayTwoMethodCalls_ClassValueBuffer4 i1c","voluntary_cs":0,"max_rss":4685824,"data":[71356,71207,71139,71176,71161,71073,71164,71194,71045,71089,71238,71091,71124,71206,71128,71036],"involuntary_cs":100,"num_iters":1},{"name":"ExistentialTestArrayTwoMethodCalls_ClassValueBuffer4 i1d","voluntary_cs":0,"max_rss":4685824,"data":[71332,71312,71408,71246,71074,71098,71139,71213,71246,71090,71078,71070,71208,71268,71219,71298],"involuntary_cs":103,"num_iters":1},{"name":"ExistentialTestArrayTwoMethodCalls_ClassValueBuffer4 i1e","voluntary_cs":0,"max_rss":4685824,"data":[71365,71143,71370,70986,71027,71154,71104,70954,71019,71092,71018,71732,71115,71019,71114,71150],"involuntary_cs":106,"num_iters":1},{"name":"ExistentialTestArrayTwoMethodCalls_ClassValueBuffer4 i1f","voluntary_cs":0,"max_rss":4685824,"data":[71305,71319,71076,71100,71009,71010,71053,70970,71151,71042,70917,71080,71005,71016,70977,71134],"involuntary_cs":99,"num_iters":1},{"name":"ExistentialTestArrayTwoMethodCalls_ClassValueBuffer4 i2a","voluntary_cs":0,"max_rss":4694016,"data":[71035,71294,71095,71050,71133,71026,70897,70991],"involuntary_cs":105,"num_iters":2},{"name":"ExistentialTestArrayTwoMethodCalls_ClassValueBuffer4 i2b","voluntary_cs":0,"max_rss":4694016,"data":[71041,71262,70955,71084,70957,70988,71118,70952],"involuntary_cs":108,"num_iters":2},{"name":"ExistentialTestArrayTwoMethodCalls_ClassValueBuffer4 i2c","voluntary_cs":0,"max_rss":4694016,"data":[71035,71067,71385,72276,71168,70989,70950,70941],"involuntary_cs":106,"num_iters":2},{"name":"ExistentialTestArrayTwoMethodCalls_ClassValueBuffer4 i2d","voluntary_cs":0,"max_rss":4694016,"data":[71037,71116,71388,71047,71052,71069,71157,70933],"involuntary_cs":99,"num_iters":2}],"type":"num_iters","name":"ExistentialTestArrayTwoMethodCalls_ClassValueBuffer4"}