{"series":[{"name":"ExistentialTestTwoMethodCalls_ClassValueBuffer4 i1a","voluntary_cs":1,"max_rss":4632576,"data":[98302,98077,98158,98201,98136,98197,98087,98041],"involuntary_cs":66,"num_iters":1},{"name":"ExistentialTestTwoMethodCalls_ClassValueBuffer4 i1b","voluntary_cs":0,"max_rss":4632576,"data":[98112,98097,98239,98163,98093,98206,97950,97881],"involuntary_cs":68,"num_iters":1},{"name":"ExistentialTestTwoMethodCalls_ClassValueBuffer4 i1c","voluntary_cs":0,"max_rss":4632576,"data":[98156,98202,98122,98229,98215,98210,98237,98156],"involuntary_cs":73,"num_iters":1},{"name":"ExistentialTestTwoMethodCalls_ClassValueBuffer4 i1d","voluntary_cs":0,"max_rss":4632576,"data":[98290,98104,98304,98661,98261,98655,98025,98040],"involuntary_cs":74,"num_iters":1},{"name":"ExistentialTestTwoMethodCalls_ClassValueBuffer4 i1e","voluntary_cs":0,"max_rss":4632576,"data":[98141,98192,98070,98180,98042,98138,98131,97987],"involuntary_cs":70,"num_iters":1},{"name":"ExistentialTestTwoMethodCalls_ClassValueBuffer4 i1f","voluntary_cs":0,"max_rss":4632576,"data":[98158,98016,98216,98033,98113,98181,97876,98147],"involuntary_cs":71,"num_iters":1},{"name":"ExistentialTestTwoMethodCalls_ClassValueBuffer4 i2a","voluntary_cs":0,"max_rss":4640768,"data":[98236,98119,98113,98039],"involuntary_cs":73,"num_iters":2},{"name":"ExistentialTestTwoMethodCalls_ClassValueBuffer4 i2b","voluntary_cs":0,"max_rss":4628480,"data":[98047,98038,98375,98159],"involuntary_cs":88,"num_iters":2},{"name":"ExistentialTestTwoMethodCalls_ClassValueBuffer4 i2c","voluntary_cs":0,"max_rss":4640768,"data":[98185,98168,98092,98124],"involuntary_cs":72,"num_iters":2},{"name":"ExistentialTestTwoMethodCalls_ClassValueBuffer4 i2d","voluntary_cs":0,"max_rss":4640768,"data":[100317,98095,98083,98486],"involuntary_cs":115,"num_iters":2}],"type":"num_iters","name":"ExistentialTestTwoMethodCalls_ClassValueBuffer4"}