{"series":[{"name":"ExistentialTestMutatingAndNonMutating_IntValueBuffer0 i1a","voluntary_cs":0,"max_rss":4644864,"data":[107094,106986,107050,106981,107016,107045,107024,107029],"involuntary_cs":75,"num_iters":1},{"name":"ExistentialTestMutatingAndNonMutating_IntValueBuffer0 i1b","voluntary_cs":2,"max_rss":4644864,"data":[107071,107002,107015,106996,107017,106986,106968,107102],"involuntary_cs":78,"num_iters":1},{"name":"ExistentialTestMutatingAndNonMutating_IntValueBuffer0 i1c","voluntary_cs":0,"max_rss":4644864,"data":[107081,107101,106999,107014,107064,107613,107031,107040],"involuntary_cs":82,"num_iters":1},{"name":"ExistentialTestMutatingAndNonMutating_IntValueBuffer0 i1d","voluntary_cs":0,"max_rss":4653056,"data":[107075,106985,107067,106989,107018,106996,107623,108720],"involuntary_cs":139,"num_iters":1},{"name":"ExistentialTestMutatingAndNonMutating_IntValueBuffer0 i1e","voluntary_cs":0,"max_rss":4644864,"data":[107695,107010,107153,107221,106936,107037,106933,107033],"involuntary_cs":91,"num_iters":1},{"name":"ExistentialTestMutatingAndNonMutating_IntValueBuffer0 i1f","voluntary_cs":0,"max_rss":4644864,"data":[107097,106986,107086,107012,106994,107042,107003,107019],"involuntary_cs":80,"num_iters":1},{"name":"ExistentialTestMutatingAndNonMutating_IntValueBuffer0 i2a","voluntary_cs":0,"max_rss":4653056,"data":[107073,107027,107034,107007],"involuntary_cs":77,"num_iters":2},{"name":"ExistentialTestMutatingAndNonMutating_IntValueBuffer0 i2b","voluntary_cs":0,"max_rss":4653056,"data":[107066,106974,106999,107059],"involuntary_cs":81,"num_iters":2},{"name":"ExistentialTestMutatingAndNonMutating_IntValueBuffer0 i2c","voluntary_cs":2,"max_rss":4653056,"data":[107052,106981,107000,107336],"involuntary_cs":77,"num_iters":2},{"name":"ExistentialTestMutatingAndNonMutating_IntValueBuffer0 i2d","voluntary_cs":2,"max_rss":4653056,"data":[107029,106997,106994,107024],"involuntary_cs":75,"num_iters":2}],"type":"num_iters","name":"ExistentialTestMutatingAndNonMutating_IntValueBuffer0"}