{"series":[{"name":"ExistentialTestPassExistentialOneMethodCall_IntValueBuffer2 i1a","voluntary_cs":0,"max_rss":4653056,"data":[181679,180666,180635,180824],"involuntary_cs":69,"num_iters":1},{"name":"ExistentialTestPassExistentialOneMethodCall_IntValueBuffer2 i1b","voluntary_cs":0,"max_rss":4653056,"data":[181041,181559,180594,180753],"involuntary_cs":70,"num_iters":1},{"name":"ExistentialTestPassExistentialOneMethodCall_IntValueBuffer2 i1c","voluntary_cs":2,"max_rss":4644864,"data":[181053,180832,180988,180788],"involuntary_cs":70,"num_iters":1},{"name":"ExistentialTestPassExistentialOneMethodCall_IntValueBuffer2 i1d","voluntary_cs":0,"max_rss":4644864,"data":[180812,180903,180530,181134],"involuntary_cs":80,"num_iters":1},{"name":"ExistentialTestPassExistentialOneMethodCall_IntValueBuffer2 i1e","voluntary_cs":0,"max_rss":4644864,"data":[180804,180800,180907,180745],"involuntary_cs":65,"num_iters":1},{"name":"ExistentialTestPassExistentialOneMethodCall_IntValueBuffer2 i1f","voluntary_cs":0,"max_rss":4644864,"data":[180888,181277,180721,180707],"involuntary_cs":63,"num_iters":1},{"name":"ExistentialTestPassExistentialOneMethodCall_IntValueBuffer2 i2a","voluntary_cs":0,"max_rss":4661248,"data":[181119,180901],"involuntary_cs":65,"num_iters":2},{"name":"ExistentialTestPassExistentialOneMethodCall_IntValueBuffer2 i2b","voluntary_cs":0,"max_rss":4640768,"data":[181130,180584],"involuntary_cs":68,"num_iters":2},{"name":"ExistentialTestPassExistentialOneMethodCall_IntValueBuffer2 i2c","voluntary_cs":0,"max_rss":4648960,"data":[181036,181028],"involuntary_cs":66,"num_iters":2},{"name":"ExistentialTestPassExistentialOneMethodCall_IntValueBuffer2 i2d","voluntary_cs":0,"max_rss":4653056,"data":[180653,180842],"involuntary_cs":60,"num_iters":2}],"type":"num_iters","name":"ExistentialTestPassExistentialOneMethodCall_IntValueBuffer2"}