{"series":[{"name":"ExistentialTestTwoMethodCalls_IntValueBuffer1 i1a","voluntary_cs":0,"max_rss":4632576,"data":[69308,69270,69248,69243,69240,69230,69548,69316,69241,69264,69219,69195,69247,69230,69195,69240],"involuntary_cs":113,"num_iters":1},{"name":"ExistentialTestTwoMethodCalls_IntValueBuffer1 i1b","voluntary_cs":0,"max_rss":4632576,"data":[69411,69244,69234,69284,69207,69263,69220,69272,69241,69230,69235,69233,69233,69257,69198,69246],"involuntary_cs":100,"num_iters":1},{"name":"ExistentialTestTwoMethodCalls_IntValueBuffer1 i1c","voluntary_cs":0,"max_rss":4632576,"data":[69246,69303,69202,69318,69236,69258,69172,69228,69228,69254,69263,69194,69271,69234,69245,69228],"involuntary_cs":97,"num_iters":1},{"name":"ExistentialTestTwoMethodCalls_IntValueBuffer1 i1d","voluntary_cs":0,"max_rss":4640768,"data":[69291,69573,69237,69292,69236,69253,69199,69283,69233,69232,69245,69744,69297,69280,69243,69842],"involuntary_cs":102,"num_iters":1},{"name":"ExistentialTestTwoMethodCalls_IntValueBuffer1 i1e","voluntary_cs":0,"max_rss":4632576,"data":[69400,69256,69259,69241,69225,69249,69231,69260,69319,69241,69195,69397,69231,69236,69294,69286],"involuntary_cs":104,"num_iters":1},{"name":"ExistentialTestTwoMethodCalls_IntValueBuffer1 i1f","voluntary_cs":0,"max_rss":4632576,"data":[69323,69205,69238,69237,69317,69198,69329,69262,69238,69241,69232,69200,69328,69288,69233,69241],"involuntary_cs":103,"num_iters":1},{"name":"ExistentialTestTwoMethodCalls_IntValueBuffer1 i2a","voluntary_cs":0,"max_rss":4640768,"data":[69251,69207,69247,69232,69240,69334,69316,69244],"involuntary_cs":108,"num_iters":2},{"name":"ExistentialTestTwoMethodCalls_IntValueBuffer1 i2b","voluntary_cs":0,"max_rss":4640768,"data":[69248,69247,69235,69230,69323,69239,69317,69226],"involuntary_cs":99,"num_iters":2},{"name":"ExistentialTestTwoMethodCalls_IntValueBuffer1 i2c","voluntary_cs":0,"max_rss":4640768,"data":[69248,69266,69232,69591,69278,69480,69255,69235],"involuntary_cs":108,"num_iters":2},{"name":"ExistentialTestTwoMethodCalls_IntValueBuffer1 i2d","voluntary_cs":0,"max_rss":4677632,"data":[69255,69253,69341,69237,69215,69255,69275,69213],"involuntary_cs":101,"num_iters":2}],"type":"num_iters","name":"ExistentialTestTwoMethodCalls_IntValueBuffer1"}