{"series":[{"name":"ExistentialTestArrayOneMethodCall_ClassValueBuffer4 i1a","voluntary_cs":0,"max_rss":4694016,"data":[70392,70285,70056,70148,70236,70183,70257,70259,70044,69975,69939,70132,70126,70033,70110,70013],"involuntary_cs":100,"num_iters":1},{"name":"ExistentialTestArrayOneMethodCall_ClassValueBuffer4 i1b","voluntary_cs":0,"max_rss":4694016,"data":[70693,67346,67359,67481,67823,70316,67309,67473,70378,67338,67339,67327,70524,70298,70217,70157],"involuntary_cs":98,"num_iters":1},{"name":"ExistentialTestArrayOneMethodCall_ClassValueBuffer4 i1c","voluntary_cs":0,"max_rss":4714496,"data":[70169,70167,69942,70044,69850,69789,69840,70389,69816,69744,69772,69813,69844,69831,69745,69827],"involuntary_cs":106,"num_iters":1},{"name":"ExistentialTestArrayOneMethodCall_ClassValueBuffer4 i1d","voluntary_cs":0,"max_rss":4694016,"data":[71367,70419,70459,67356,67219,67442,67556,67485,70394,70614,67277,67326,67267,70350,70294,67492],"involuntary_cs":140,"num_iters":1},{"name":"ExistentialTestArrayOneMethodCall_ClassValueBuffer4 i1e","voluntary_cs":0,"max_rss":4694016,"data":[70380,70291,70122,70311,70163,70204,70108,70074,70011,70028,69900,70134,70106,70416,70023,70044],"involuntary_cs":100,"num_iters":1},{"name":"ExistentialTestArrayOneMethodCall_ClassValueBuffer4 i1f","voluntary_cs":0,"max_rss":4694016,"data":[70420,70008,70155,70104,70133,70073,70008,70127,70098,70069,70153,70071,69999,69958,70085,70128],"involuntary_cs":100,"num_iters":1},{"name":"ExistentialTestArrayOneMethodCall_ClassValueBuffer4 i2a","voluntary_cs":0,"max_rss":4702208,"data":[70271,67224,67244,67241,67380,67248,67239,67221],"involuntary_cs":94,"num_iters":2},{"name":"ExistentialTestArrayOneMethodCall_ClassValueBuffer4 i2b","voluntary_cs":0,"max_rss":4702208,"data":[69955,70323,67233,70189,68258,67202,67202,67251],"involuntary_cs":104,"num_iters":2},{"name":"ExistentialTestArrayOneMethodCall_ClassValueBuffer4 i2c","voluntary_cs":0,"max_rss":4718592,"data":[70242,70144,70094,70357,69869,70122,70077,70135],"involuntary_cs":101,"num_iters":2},{"name":"ExistentialTestArrayOneMethodCall_ClassValueBuffer4 i2d","voluntary_cs":0,"max_rss":4702208,"data":[70171,67298,70059,70076,67318,67298,67281,70168],"involuntary_cs":113,"num_iters":2}],"type":"num_iters","name":"ExistentialTestArrayOneMethodCall_ClassValueBuffer4"}