{"series":[{"name":"ExistentialTestPassExistentialOneMethodCall_IntValueBuffer4 i1a","voluntary_cs":0,"max_rss":4636672,"data":[989315,1009340],"involuntary_cs":182,"num_iters":1},{"name":"ExistentialTestPassExistentialOneMethodCall_IntValueBuffer4 i1b","voluntary_cs":0,"max_rss":4636672,"data":[989806,989793],"involuntary_cs":174,"num_iters":1},{"name":"ExistentialTestPassExistentialOneMethodCall_IntValueBuffer4 i1c","voluntary_cs":0,"max_rss":4636672,"data":[989235,989673],"involuntary_cs":180,"num_iters":1},{"name":"ExistentialTestPassExistentialOneMethodCall_IntValueBuffer4 i1d","voluntary_cs":0,"max_rss":4636672,"data":[989550,1028960],"involuntary_cs":178,"num_iters":1},{"name":"ExistentialTestPassExistentialOneMethodCall_IntValueBuffer4 i1e","voluntary_cs":0,"max_rss":4624384,"data":[989412,989967],"involuntary_cs":177,"num_iters":1},{"name":"ExistentialTestPassExistentialOneMethodCall_IntValueBuffer4 i1f","voluntary_cs":0,"max_rss":4636672,"data":[989450,988817],"involuntary_cs":180,"num_iters":1},{"name":"ExistentialTestPassExistentialOneMethodCall_IntValueBuffer4 i1g","voluntary_cs":0,"max_rss":4636672,"data":[989355,989283],"involuntary_cs":187,"num_iters":1},{"name":"ExistentialTestPassExistentialOneMethodCall_IntValueBuffer4 i1h","voluntary_cs":0,"max_rss":4636672,"data":[989867,989468],"involuntary_cs":171,"num_iters":1},{"name":"ExistentialTestPassExistentialOneMethodCall_IntValueBuffer4 i1i","voluntary_cs":0,"max_rss":4636672,"data":[989073,988859],"involuntary_cs":171,"num_iters":1},{"name":"ExistentialTestPassExistentialOneMethodCall_IntValueBuffer4 i1j","voluntary_cs":0,"max_rss":4636672,"data":[990009,989891],"involuntary_cs":192,"num_iters":1}],"type":"num_iters","name":"ExistentialTestPassExistentialOneMethodCall_IntValueBuffer4"}