{"series":[{"name":"ExistentialTestArrayConditionalShift_IntValueBuffer1 i1a","voluntary_cs":0,"max_rss":4665344,"data":[172704,174955,172350,172518,172588,172517,172546,172503],"involuntary_cs":157,"num_iters":1},{"name":"ExistentialTestArrayConditionalShift_IntValueBuffer1 i1b","voluntary_cs":0,"max_rss":4665344,"data":[172520,172569,172438,172427,172590,172421,172532,172577],"involuntary_cs":120,"num_iters":1},{"name":"ExistentialTestArrayConditionalShift_IntValueBuffer1 i1c","voluntary_cs":0,"max_rss":4665344,"data":[173255,173130,173202,173257,173430,173557,173279,174129],"involuntary_cs":137,"num_iters":1},{"name":"ExistentialTestArrayConditionalShift_IntValueBuffer1 i1d","voluntary_cs":0,"max_rss":4665344,"data":[173634,173524,173685,173695,173695,173717,173622,174297],"involuntary_cs":121,"num_iters":1},{"name":"ExistentialTestArrayConditionalShift_IntValueBuffer1 i1e","voluntary_cs":0,"max_rss":4665344,"data":[172419,173508,172453,172257,172317,172047,172064,172072],"involuntary_cs":118,"num_iters":1},{"name":"ExistentialTestArrayConditionalShift_IntValueBuffer1 i1f","voluntary_cs":0,"max_rss":4665344,"data":[173612,173571,173307,173483,173425,173116,173341,173450],"involuntary_cs":125,"num_iters":1},{"name":"ExistentialTestArrayConditionalShift_IntValueBuffer1 i2a","voluntary_cs":0,"max_rss":4673536,"data":[173560,173493,173525,173466],"involuntary_cs":125,"num_iters":2},{"name":"ExistentialTestArrayConditionalShift_IntValueBuffer1 i2b","voluntary_cs":0,"max_rss":4673536,"data":[172344,172262,172090,172437],"involuntary_cs":134,"num_iters":2},{"name":"ExistentialTestArrayConditionalShift_IntValueBuffer1 i2c","voluntary_cs":0,"max_rss":4673536,"data":[173936,173518,173508,173349],"involuntary_cs":124,"num_iters":2},{"name":"ExistentialTestArrayConditionalShift_IntValueBuffer1 i2d","voluntary_cs":0,"max_rss":4673536,"data":[172391,172099,172025,172248],"involuntary_cs":116,"num_iters":2}],"type":"num_iters","name":"ExistentialTestArrayConditionalShift_IntValueBuffer1"}