{"series":[{"name":"ExistentialTestMutatingAndNonMutating_ClassValueBuffer3 i1a","voluntary_cs":0,"max_rss":4636672,"data":[1309196,1306586],"involuntary_cs":253,"num_iters":1},{"name":"ExistentialTestMutatingAndNonMutating_ClassValueBuffer3 i1b","voluntary_cs":0,"max_rss":4636672,"data":[1307078,1308880],"involuntary_cs":233,"num_iters":1},{"name":"ExistentialTestMutatingAndNonMutating_ClassValueBuffer3 i1c","voluntary_cs":0,"max_rss":4644864,"data":[1308552,1306346],"involuntary_cs":236,"num_iters":1},{"name":"ExistentialTestMutatingAndNonMutating_ClassValueBuffer3 i1d","voluntary_cs":0,"max_rss":4636672,"data":[1306000,1305077],"involuntary_cs":249,"num_iters":1},{"name":"ExistentialTestMutatingAndNonMutating_ClassValueBuffer3 i1e","voluntary_cs":0,"max_rss":4624384,"data":[1307090,1307360],"involuntary_cs":242,"num_iters":1},{"name":"ExistentialTestMutatingAndNonMutating_ClassValueBuffer3 i1f","voluntary_cs":0,"max_rss":4636672,"data":[1298486,1300108],"involuntary_cs":242,"num_iters":1},{"name":"ExistentialTestMutatingAndNonMutating_ClassValueBuffer3 i1g","voluntary_cs":0,"max_rss":4636672,"data":[1308077,1305149],"involuntary_cs":243,"num_iters":1},{"name":"ExistentialTestMutatingAndNonMutating_ClassValueBuffer3 i1h","voluntary_cs":0,"max_rss":4673536,"data":[1309254,1308280],"involuntary_cs":235,"num_iters":1},{"name":"ExistentialTestMutatingAndNonMutating_ClassValueBuffer3 i1i","voluntary_cs":0,"max_rss":4624384,"data":[1308202,1308157],"involuntary_cs":241,"num_iters":1},{"name":"ExistentialTestMutatingAndNonMutating_ClassValueBuffer3 i1j","voluntary_cs":0,"max_rss":4636672,"data":[1306411,1305444],"involuntary_cs":245,"num_iters":1}],"type":"num_iters","name":"ExistentialTestMutatingAndNonMutating_ClassValueBuffer3"}