{"series":[{"name":"ExistentialTestPassExistentialTwoMethodCalls_IntValueBuffer4 i1a","voluntary_cs":0,"max_rss":4636672,"data":[1064324,1063882],"involuntary_cs":188,"num_iters":1},{"name":"ExistentialTestPassExistentialTwoMethodCalls_IntValueBuffer4 i1b","voluntary_cs":0,"max_rss":4636672,"data":[1064333,1090080],"involuntary_cs":200,"num_iters":1},{"name":"ExistentialTestPassExistentialTwoMethodCalls_IntValueBuffer4 i1c","voluntary_cs":0,"max_rss":4624384,"data":[1065269,1063825],"involuntary_cs":194,"num_iters":1},{"name":"ExistentialTestPassExistentialTwoMethodCalls_IntValueBuffer4 i1d","voluntary_cs":0,"max_rss":4640768,"data":[1064106,1090200],"involuntary_cs":185,"num_iters":1},{"name":"ExistentialTestPassExistentialTwoMethodCalls_IntValueBuffer4 i1e","voluntary_cs":0,"max_rss":4636672,"data":[1064483,1091230],"involuntary_cs":211,"num_iters":1},{"name":"ExistentialTestPassExistentialTwoMethodCalls_IntValueBuffer4 i1f","voluntary_cs":0,"max_rss":4636672,"data":[1064075,1092178],"involuntary_cs":198,"num_iters":1},{"name":"ExistentialTestPassExistentialTwoMethodCalls_IntValueBuffer4 i1g","voluntary_cs":0,"max_rss":4661248,"data":[1064139,1064381],"involuntary_cs":196,"num_iters":1},{"name":"ExistentialTestPassExistentialTwoMethodCalls_IntValueBuffer4 i1h","voluntary_cs":0,"max_rss":4644864,"data":[1065074,1064068],"involuntary_cs":198,"num_iters":1},{"name":"ExistentialTestPassExistentialTwoMethodCalls_IntValueBuffer4 i1i","voluntary_cs":1,"max_rss":4636672,"data":[1064265,1063861],"involuntary_cs":187,"num_iters":1},{"name":"ExistentialTestPassExistentialTwoMethodCalls_IntValueBuffer4 i1j","voluntary_cs":0,"max_rss":4636672,"data":[1064052,1091328],"involuntary_cs":199,"num_iters":1}],"type":"num_iters","name":"ExistentialTestPassExistentialTwoMethodCalls_IntValueBuffer4"}