{"series":[{"name":"ExistentialTestPassExistentialOneMethodCall_IntValueBuffer0 i1a","voluntary_cs":0,"max_rss":4669440,"data":[173202,173091,173158,173165,173062,173142,173075,173174],"involuntary_cs":126,"num_iters":1},{"name":"ExistentialTestPassExistentialOneMethodCall_IntValueBuffer0 i1b","voluntary_cs":0,"max_rss":4636672,"data":[173127,173201,173158,173023,173098,173141,173097,173677],"involuntary_cs":128,"num_iters":1},{"name":"ExistentialTestPassExistentialOneMethodCall_IntValueBuffer0 i1c","voluntary_cs":0,"max_rss":4636672,"data":[173229,173094,173034,173856,173087,173188,173203,173078],"involuntary_cs":141,"num_iters":1},{"name":"ExistentialTestPassExistentialOneMethodCall_IntValueBuffer0 i1d","voluntary_cs":0,"max_rss":4636672,"data":[173219,173225,173130,173042,173256,172989,173139,172992],"involuntary_cs":126,"num_iters":1},{"name":"ExistentialTestPassExistentialOneMethodCall_IntValueBuffer0 i1e","voluntary_cs":0,"max_rss":4636672,"data":[173165,173117,173114,173184,173092,173073,173175,173119],"involuntary_cs":123,"num_iters":1},{"name":"ExistentialTestPassExistentialOneMethodCall_IntValueBuffer0 i1f","voluntary_cs":0,"max_rss":4636672,"data":[173496,173157,173116,173094,173156,173630,173000,173099],"involuntary_cs":122,"num_iters":1},{"name":"ExistentialTestPassExistentialOneMethodCall_IntValueBuffer0 i2a","voluntary_cs":0,"max_rss":4644864,"data":[173165,173450,173130,173105],"involuntary_cs":130,"num_iters":2},{"name":"ExistentialTestPassExistentialOneMethodCall_IntValueBuffer0 i2b","voluntary_cs":0,"max_rss":4653056,"data":[173199,173642,173100,173159],"involuntary_cs":163,"num_iters":2},{"name":"ExistentialTestPassExistentialOneMethodCall_IntValueBuffer0 i2c","voluntary_cs":0,"max_rss":4644864,"data":[173138,176583,173161,173157],"involuntary_cs":237,"num_iters":2},{"name":"ExistentialTestPassExistentialOneMethodCall_IntValueBuffer0 i2d","voluntary_cs":0,"max_rss":4644864,"data":[173131,173471,173133,173667],"involuntary_cs":133,"num_iters":2}],"type":"num_iters","name":"ExistentialTestPassExistentialOneMethodCall_IntValueBuffer0"}