{"series":[{"name":"ExistentialTestMutating_IntValueBuffer4 i1a","voluntary_cs":0,"max_rss":4636672,"data":[181694,181977,181647,181846],"involuntary_cs":62,"num_iters":1},{"name":"ExistentialTestMutating_IntValueBuffer4 i1b","voluntary_cs":1,"max_rss":4636672,"data":[181957,181979,181745,181676],"involuntary_cs":66,"num_iters":1},{"name":"ExistentialTestMutating_IntValueBuffer4 i1c","voluntary_cs":0,"max_rss":4636672,"data":[181423,181788,182101,181951],"involuntary_cs":64,"num_iters":1},{"name":"ExistentialTestMutating_IntValueBuffer4 i1d","voluntary_cs":0,"max_rss":4636672,"data":[180065,180230,180303,180415],"involuntary_cs":72,"num_iters":1},{"name":"ExistentialTestMutating_IntValueBuffer4 i1e","voluntary_cs":0,"max_rss":4644864,"data":[181831,182170,181506,181738],"involuntary_cs":65,"num_iters":1},{"name":"ExistentialTestMutating_IntValueBuffer4 i1f","voluntary_cs":0,"max_rss":4636672,"data":[181768,181765,182971,182194],"involuntary_cs":81,"num_iters":1},{"name":"ExistentialTestMutating_IntValueBuffer4 i2a","voluntary_cs":0,"max_rss":4644864,"data":[181501,181933],"involuntary_cs":66,"num_iters":2},{"name":"ExistentialTestMutating_IntValueBuffer4 i2b","voluntary_cs":1,"max_rss":4653056,"data":[181707,181890],"involuntary_cs":66,"num_iters":2},{"name":"ExistentialTestMutating_IntValueBuffer4 i2c","voluntary_cs":0,"max_rss":4644864,"data":[181760,276324],"involuntary_cs":86,"num_iters":2},{"name":"ExistentialTestMutating_IntValueBuffer4 i2d","voluntary_cs":0,"max_rss":4644864,"data":[181737,182227],"involuntary_cs":84,"num_iters":2}],"type":"num_iters","name":"ExistentialTestMutating_IntValueBuffer4"}