{"series":[{"name":"ExistentialTestTwoMethodCalls_IntValueBuffer3 i1a","voluntary_cs":0,"max_rss":4628480,"data":[69362,69245,69231,69278,69182,69249,69244,69237,69250,69249,69231,69201,69292,69234,69240,69193],"involuntary_cs":97,"num_iters":1},{"name":"ExistentialTestTwoMethodCalls_IntValueBuffer3 i1b","voluntary_cs":0,"max_rss":4632576,"data":[69305,69237,69180,69222,69240,69240,69251,69252,69541,69260,69255,69284,69199,69195,69279,69234],"involuntary_cs":102,"num_iters":1},{"name":"ExistentialTestTwoMethodCalls_IntValueBuffer3 i1c","voluntary_cs":0,"max_rss":4632576,"data":[79729,69239,69245,69815,69197,69243,69893,69200,69239,69303,69255,89452,134754,69216,69217,69221],"involuntary_cs":106,"num_iters":1},{"name":"ExistentialTestTwoMethodCalls_IntValueBuffer3 i1d","voluntary_cs":0,"max_rss":4632576,"data":[69346,69227,69235,69237,69245,69201,69265,69313,69254,69248,69201,69232,69359,69257,69232,69188],"involuntary_cs":100,"num_iters":1},{"name":"ExistentialTestTwoMethodCalls_IntValueBuffer3 i1e","voluntary_cs":0,"max_rss":4632576,"data":[69411,69251,69241,69231,69249,69244,69340,69229,69240,69225,69233,69240,69232,69318,69306,69247],"involuntary_cs":108,"num_iters":1},{"name":"ExistentialTestTwoMethodCalls_IntValueBuffer3 i1f","voluntary_cs":0,"max_rss":4632576,"data":[69290,69236,69244,69490,69219,69309,69251,69195,69207,69233,69246,69259,69273,69234,69202,69229],"involuntary_cs":109,"num_iters":1},{"name":"ExistentialTestTwoMethodCalls_IntValueBuffer3 i2a","voluntary_cs":0,"max_rss":4640768,"data":[69378,69432,69235,69250,69203,69232,69235,69537],"involuntary_cs":108,"num_iters":2},{"name":"ExistentialTestTwoMethodCalls_IntValueBuffer3 i2b","voluntary_cs":0,"max_rss":4640768,"data":[69828,69257,69244,69189,69232,69234,69235,69237],"involuntary_cs":101,"num_iters":2},{"name":"ExistentialTestTwoMethodCalls_IntValueBuffer3 i2c","voluntary_cs":0,"max_rss":4648960,"data":[69347,69218,69188,69253,69234,69221,69227,69233],"involuntary_cs":95,"num_iters":2},{"name":"ExistentialTestTwoMethodCalls_IntValueBuffer3 i2d","voluntary_cs":0,"max_rss":4640768,"data":[69355,69226,69237,69232,69292,69202,69231,69237],"involuntary_cs":94,"num_iters":2}],"type":"num_iters","name":"ExistentialTestTwoMethodCalls_IntValueBuffer3"}