{"series":[{"name":"ExistentialTestArrayMutating_ClassValueBuffer3 i1a","voluntary_cs":0,"max_rss":4673536,"data":[78846,78694,78675,78651,78655,78703,78769,78663,79342,78675,78675,78652,78681,78710,79323,79204],"involuntary_cs":107,"num_iters":1},{"name":"ExistentialTestArrayMutating_ClassValueBuffer3 i1b","voluntary_cs":0,"max_rss":4673536,"data":[79911,79322,79115,79213,79052,79171,79134,79267,79127,79152,79270,79219,79204,79120,79180,79069],"involuntary_cs":118,"num_iters":1},{"name":"ExistentialTestArrayMutating_ClassValueBuffer3 i1c","voluntary_cs":0,"max_rss":4673536,"data":[78637,78736,78747,78706,78771,78378,78364,78481,78387,78412,78459,78888,78726,78699,78735,78806],"involuntary_cs":115,"num_iters":1},{"name":"ExistentialTestArrayMutating_ClassValueBuffer3 i1d","voluntary_cs":0,"max_rss":4673536,"data":[78888,78744,78754,78770,78750,78755,78728,78749,78783,78749,78728,78767,78723,78717,78728,79481],"involuntary_cs":109,"num_iters":1},{"name":"ExistentialTestArrayMutating_ClassValueBuffer3 i1e","voluntary_cs":0,"max_rss":4673536,"data":[78172,79166,78435,79238,78977,79045,77920,78967,79000,78414,78768,78319,78540,78449,78774,79016],"involuntary_cs":120,"num_iters":1},{"name":"ExistentialTestArrayMutating_ClassValueBuffer3 i1f","voluntary_cs":0,"max_rss":4673536,"data":[79383,79313,79932,80317,79483,79138,79152,79213,79179,79184,79261,79233,79126,79168,79260,79137],"involuntary_cs":124,"num_iters":1},{"name":"ExistentialTestArrayMutating_ClassValueBuffer3 i2a","voluntary_cs":0,"max_rss":4681728,"data":[78706,79156,78641,78656,78654,79012,79348,79183],"involuntary_cs":105,"num_iters":2},{"name":"ExistentialTestArrayMutating_ClassValueBuffer3 i2b","voluntary_cs":0,"max_rss":4681728,"data":[79398,78094,79406,79384,79334,78323,79312,79312],"involuntary_cs":116,"num_iters":2},{"name":"ExistentialTestArrayMutating_ClassValueBuffer3 i2c","voluntary_cs":0,"max_rss":4681728,"data":[78735,78531,79116,78862,78623,78611,78998,78451],"involuntary_cs":119,"num_iters":2},{"name":"ExistentialTestArrayMutating_ClassValueBuffer3 i2d","voluntary_cs":0,"max_rss":4681728,"data":[79171,79467,79687,79055,79071,79122,79550,79277],"involuntary_cs":126,"num_iters":2}],"type":"num_iters","name":"ExistentialTestArrayMutating_ClassValueBuffer3"}