{"series":[{"name":"ExistentialTestArrayMutating_IntValueBuffer4 i1a","voluntary_cs":0,"max_rss":4681728,"data":[93959,94644,95198,95001,95002,93736,93774,93703],"involuntary_cs":68,"num_iters":1},{"name":"ExistentialTestArrayMutating_IntValueBuffer4 i1b","voluntary_cs":0,"max_rss":4681728,"data":[93993,93644,94370,94356,94282,94275,93931,94342],"involuntary_cs":66,"num_iters":1},{"name":"ExistentialTestArrayMutating_IntValueBuffer4 i1c","voluntary_cs":0,"max_rss":4681728,"data":[93908,94793,93961,94052,93634,93943,93616,93649],"involuntary_cs":64,"num_iters":1},{"name":"ExistentialTestArrayMutating_IntValueBuffer4 i1d","voluntary_cs":0,"max_rss":4677632,"data":[94285,93767,94021,93827,93963,93864,94476,93841],"involuntary_cs":71,"num_iters":1},{"name":"ExistentialTestArrayMutating_IntValueBuffer4 i1e","voluntary_cs":0,"max_rss":4681728,"data":[94171,93953,93898,93911,93906,93856,93916,93736],"involuntary_cs":68,"num_iters":1},{"name":"ExistentialTestArrayMutating_IntValueBuffer4 i1f","voluntary_cs":0,"max_rss":4681728,"data":[94065,94057,93840,93958,94032,94002,93917,93949],"involuntary_cs":79,"num_iters":1},{"name":"ExistentialTestArrayMutating_IntValueBuffer4 i2a","voluntary_cs":0,"max_rss":4665344,"data":[93636,93648,93683,93695],"involuntary_cs":70,"num_iters":2},{"name":"ExistentialTestArrayMutating_IntValueBuffer4 i2b","voluntary_cs":0,"max_rss":4689920,"data":[93932,93706,93613,93573],"involuntary_cs":64,"num_iters":2},{"name":"ExistentialTestArrayMutating_IntValueBuffer4 i2c","voluntary_cs":1,"max_rss":4689920,"data":[94018,94047,93872,94590],"involuntary_cs":79,"num_iters":2},{"name":"ExistentialTestArrayMutating_IntValueBuffer4 i2d","voluntary_cs":0,"max_rss":4689920,"data":[93640,94272,93661,93848],"involuntary_cs":70,"num_iters":2}],"type":"num_iters","name":"ExistentialTestArrayMutating_IntValueBuffer4"}