{"series":[{"name":"ExistentialTestTwoMethodCalls_IntValueBuffer2 i1a","voluntary_cs":0,"max_rss":4632576,"data":[69601,69204,69229,69237,69242,69213,69265,69234,69233,69231,69241,69238,69228,69236,69218,69234],"involuntary_cs":96,"num_iters":1},{"name":"ExistentialTestTwoMethodCalls_IntValueBuffer2 i1b","voluntary_cs":0,"max_rss":4632576,"data":[69364,69247,69251,69241,69217,69174,69285,69197,69252,69234,69242,69253,69211,69237,69234,69315],"involuntary_cs":102,"num_iters":1},{"name":"ExistentialTestTwoMethodCalls_IntValueBuffer2 i1c","voluntary_cs":0,"max_rss":4644864,"data":[69302,69206,69271,69316,69199,69233,69242,69230,69283,69238,69237,69198,69229,69331,69387,69735],"involuntary_cs":112,"num_iters":1},{"name":"ExistentialTestTwoMethodCalls_IntValueBuffer2 i1d","voluntary_cs":0,"max_rss":4632576,"data":[69256,69273,69204,69874,69210,69202,69350,69195,69206,69212,69282,69195,69358,69195,69197,69208],"involuntary_cs":97,"num_iters":1},{"name":"ExistentialTestTwoMethodCalls_IntValueBuffer2 i1e","voluntary_cs":0,"max_rss":4632576,"data":[69253,69215,69233,69239,69270,69266,69234,69225,69249,69238,69230,69348,69278,69200,69201,69219],"involuntary_cs":101,"num_iters":1},{"name":"ExistentialTestTwoMethodCalls_IntValueBuffer2 i1f","voluntary_cs":0,"max_rss":4632576,"data":[69339,69222,69284,69328,69232,69235,69235,69203,69232,69302,69315,69233,69241,69229,69236,69231],"involuntary_cs":99,"num_iters":1},{"name":"ExistentialTestTwoMethodCalls_IntValueBuffer2 i2a","voluntary_cs":0,"max_rss":4677632,"data":[69262,69200,69202,69214,69239,69231,69209,69226],"involuntary_cs":100,"num_iters":2},{"name":"ExistentialTestTwoMethodCalls_IntValueBuffer2 i2b","voluntary_cs":0,"max_rss":4640768,"data":[69261,69257,69255,69258,69297,69575,69546,69624],"involuntary_cs":104,"num_iters":2},{"name":"ExistentialTestTwoMethodCalls_IntValueBuffer2 i2c","voluntary_cs":0,"max_rss":4640768,"data":[69337,69247,69272,69204,69258,69230,69231,69276],"involuntary_cs":99,"num_iters":2},{"name":"ExistentialTestTwoMethodCalls_IntValueBuffer2 i2d","voluntary_cs":0,"max_rss":4640768,"data":[69285,69364,69219,69245,69231,69229,69233,69204],"involuntary_cs":109,"num_iters":2}],"type":"num_iters","name":"ExistentialTestTwoMethodCalls_IntValueBuffer2"}