{"series":[{"name":"ExistentialTestTwoMethodCalls_IntValueBuffer4 i1a","voluntary_cs":0,"max_rss":4640768,"data":[100441,100707,100412,100461,100438,100409,100440,100698],"involuntary_cs":78,"num_iters":1},{"name":"ExistentialTestTwoMethodCalls_IntValueBuffer4 i1b","voluntary_cs":0,"max_rss":4640768,"data":[100470,100416,100414,100447,100445,101150,100497,100386],"involuntary_cs":85,"num_iters":1},{"name":"ExistentialTestTwoMethodCalls_IntValueBuffer4 i1c","voluntary_cs":0,"max_rss":4640768,"data":[102848,100375,100429,100443,100418,100496,100461,100449],"involuntary_cs":112,"num_iters":1},{"name":"ExistentialTestTwoMethodCalls_IntValueBuffer4 i1d","voluntary_cs":0,"max_rss":4640768,"data":[100547,100410,100529,100399,100408,100529,100435,100444],"involuntary_cs":73,"num_iters":1},{"name":"ExistentialTestTwoMethodCalls_IntValueBuffer4 i1e","voluntary_cs":0,"max_rss":4640768,"data":[100541,100466,100397,100425,100370,100493,100390,100418],"involuntary_cs":73,"num_iters":1},{"name":"ExistentialTestTwoMethodCalls_IntValueBuffer4 i1f","voluntary_cs":0,"max_rss":4640768,"data":[100477,100432,100370,100496,100476,100487,100479,100499],"involuntary_cs":70,"num_iters":1},{"name":"ExistentialTestTwoMethodCalls_IntValueBuffer4 i2a","voluntary_cs":0,"max_rss":4648960,"data":[100517,100446,100388,100412],"involuntary_cs":70,"num_iters":2},{"name":"ExistentialTestTwoMethodCalls_IntValueBuffer4 i2b","voluntary_cs":0,"max_rss":4648960,"data":[100590,100492,100426,100461],"involuntary_cs":77,"num_iters":2},{"name":"ExistentialTestTwoMethodCalls_IntValueBuffer4 i2c","voluntary_cs":0,"max_rss":4657152,"data":[100841,100802,100412,100437],"involuntary_cs":83,"num_iters":2},{"name":"ExistentialTestTwoMethodCalls_IntValueBuffer4 i2d","voluntary_cs":0,"max_rss":4648960,"data":[100429,100450,100496,100394],"involuntary_cs":73,"num_iters":2}],"type":"num_iters","name":"ExistentialTestTwoMethodCalls_IntValueBuffer4"}