{"series":[{"name":"ExistentialTestArrayMutating_IntValueBuffer3 i1a","voluntary_cs":0,"max_rss":4669440,"data":[81815,81487,81105,81146,81466,81427,82052,81085,81449,81446,81475,81355,81098,81495,81076,81107],"involuntary_cs":118,"num_iters":1},{"name":"ExistentialTestArrayMutating_IntValueBuffer3 i1b","voluntary_cs":0,"max_rss":4669440,"data":[81137,81082,80988,80975,80978,81100,80969,81048,81057,80947,81004,80964,80953,80989,80984,80860],"involuntary_cs":119,"num_iters":1},{"name":"ExistentialTestArrayMutating_IntValueBuffer3 i1c","voluntary_cs":0,"max_rss":4669440,"data":[81220,81058,81002,81042,81042,80927,80950,80913,81143,81039,80908,80943,80940,80934,80953,80919],"involuntary_cs":124,"num_iters":1},{"name":"ExistentialTestArrayMutating_IntValueBuffer3 i1d","voluntary_cs":0,"max_rss":4669440,"data":[81182,81028,81005,80994,81027,80989,81760,80997,80991,81012,81071,80992,81174,81021,80997,81032],"involuntary_cs":113,"num_iters":1},{"name":"ExistentialTestArrayMutating_IntValueBuffer3 i1e","voluntary_cs":0,"max_rss":4669440,"data":[81603,81506,81496,81446,81484,81487,81470,82024,81448,81338,81993,82445,81485,81453,81466,81423],"involuntary_cs":120,"num_iters":1},{"name":"ExistentialTestArrayMutating_IntValueBuffer3 i1f","voluntary_cs":0,"max_rss":4669440,"data":[81110,81106,80937,80970,80979,81004,81059,81010,80970,80973,81031,80959,80932,80985,80984,81001],"involuntary_cs":117,"num_iters":1},{"name":"ExistentialTestArrayMutating_IntValueBuffer3 i2a","voluntary_cs":0,"max_rss":4677632,"data":[81497,81158,81425,81414,81077,81451,81074,81423],"involuntary_cs":119,"num_iters":2},{"name":"ExistentialTestArrayMutating_IntValueBuffer3 i2b","voluntary_cs":0,"max_rss":4677632,"data":[81195,81239,81161,81558,81071,81027,81195,81136],"involuntary_cs":123,"num_iters":2},{"name":"ExistentialTestArrayMutating_IntValueBuffer3 i2c","voluntary_cs":0,"max_rss":4677632,"data":[81218,81245,81188,81207,81443,81229,81058,81213],"involuntary_cs":121,"num_iters":2},{"name":"ExistentialTestArrayMutating_IntValueBuffer3 i2d","voluntary_cs":0,"max_rss":4677632,"data":[81046,81019,81036,81025,81084,81038,80937,80930],"involuntary_cs":113,"num_iters":2}],"type":"num_iters","name":"ExistentialTestArrayMutating_IntValueBuffer3"}