{"series":[{"name":"ExistentialTestArrayShift_IntValueBuffer4 i1a","voluntary_cs":0,"max_rss":4694016,"data":[246654,246454,247246,246414],"involuntary_cs":89,"num_iters":1},{"name":"ExistentialTestArrayShift_IntValueBuffer4 i1b","voluntary_cs":0,"max_rss":4681728,"data":[246325,246055,246146,246706],"involuntary_cs":85,"num_iters":1},{"name":"ExistentialTestArrayShift_IntValueBuffer4 i1c","voluntary_cs":0,"max_rss":4681728,"data":[246745,246405,246576,246702],"involuntary_cs":97,"num_iters":1},{"name":"ExistentialTestArrayShift_IntValueBuffer4 i1d","voluntary_cs":0,"max_rss":4681728,"data":[248006,247764,247987,250270],"involuntary_cs":103,"num_iters":1},{"name":"ExistentialTestArrayShift_IntValueBuffer4 i1e","voluntary_cs":0,"max_rss":4681728,"data":[247357,246340,246696,246292],"involuntary_cs":90,"num_iters":1},{"name":"ExistentialTestArrayShift_IntValueBuffer4 i1f","voluntary_cs":0,"max_rss":4681728,"data":[246563,246624,246419,247232],"involuntary_cs":96,"num_iters":1},{"name":"ExistentialTestArrayShift_IntValueBuffer4 i2a","voluntary_cs":0,"max_rss":4665344,"data":[246414,246284],"involuntary_cs":89,"num_iters":2},{"name":"ExistentialTestArrayShift_IntValueBuffer4 i2b","voluntary_cs":0,"max_rss":4689920,"data":[250368,253843],"involuntary_cs":91,"num_iters":2},{"name":"ExistentialTestArrayShift_IntValueBuffer4 i2c","voluntary_cs":0,"max_rss":4689920,"data":[247293,247795],"involuntary_cs":92,"num_iters":2},{"name":"ExistentialTestArrayShift_IntValueBuffer4 i2d","voluntary_cs":0,"max_rss":4653056,"data":[246853,246341],"involuntary_cs":93,"num_iters":2}],"type":"num_iters","name":"ExistentialTestArrayShift_IntValueBuffer4"}