{"series":[{"name":"ExistentialTestArrayShift_IntValueBuffer3 i1a","voluntary_cs":0,"max_rss":4673536,"data":[158518,158402,158284,158432,158368,158492,158399,158436],"involuntary_cs":112,"num_iters":1},{"name":"ExistentialTestArrayShift_IntValueBuffer3 i1b","voluntary_cs":0,"max_rss":4665344,"data":[158734,158589,158753,159130,158629,158657,158572,158625],"involuntary_cs":119,"num_iters":1},{"name":"ExistentialTestArrayShift_IntValueBuffer3 i1c","voluntary_cs":0,"max_rss":4665344,"data":[158712,158310,158653,158764,158550,159170,158605,158567],"involuntary_cs":123,"num_iters":1},{"name":"ExistentialTestArrayShift_IntValueBuffer3 i1d","voluntary_cs":0,"max_rss":4665344,"data":[158642,158509,158509,158458,158479,158539,158438,158607],"involuntary_cs":113,"num_iters":1},{"name":"ExistentialTestArrayShift_IntValueBuffer3 i1e","voluntary_cs":0,"max_rss":4665344,"data":[159496,158489,159085,159200,159251,158429,159198,158470],"involuntary_cs":112,"num_iters":1},{"name":"ExistentialTestArrayShift_IntValueBuffer3 i1f","voluntary_cs":0,"max_rss":4665344,"data":[158662,158519,158510,158566,159094,158499,158453,158491],"involuntary_cs":116,"num_iters":1},{"name":"ExistentialTestArrayShift_IntValueBuffer3 i2a","voluntary_cs":0,"max_rss":4681728,"data":[161389,157442,158527,158821],"involuntary_cs":152,"num_iters":2},{"name":"ExistentialTestArrayShift_IntValueBuffer3 i2b","voluntary_cs":0,"max_rss":4673536,"data":[158593,158620,158411,158603],"involuntary_cs":128,"num_iters":2},{"name":"ExistentialTestArrayShift_IntValueBuffer3 i2c","voluntary_cs":0,"max_rss":4673536,"data":[158566,158532,158578,159319],"involuntary_cs":124,"num_iters":2},{"name":"ExistentialTestArrayShift_IntValueBuffer3 i2d","voluntary_cs":0,"max_rss":4681728,"data":[158701,158683,158519,157613],"involuntary_cs":115,"num_iters":2}],"type":"num_iters","name":"ExistentialTestArrayShift_IntValueBuffer3"}