{"series":[{"name":"ExistentialTestMutatingAndNonMutating_IntValueBuffer3 i1a","voluntary_cs":0,"max_rss":4636672,"data":[134975,134230,134421,134345,134378,134222,134226,134413],"involuntary_cs":94,"num_iters":1},{"name":"ExistentialTestMutatingAndNonMutating_IntValueBuffer3 i1b","voluntary_cs":0,"max_rss":4648960,"data":[134600,134840,134283,134285,134109,134318,134097,134129],"involuntary_cs":97,"num_iters":1},{"name":"ExistentialTestMutatingAndNonMutating_IntValueBuffer3 i1c","voluntary_cs":0,"max_rss":4636672,"data":[134058,134367,134298,134067,134358,134245,134277,134207],"involuntary_cs":97,"num_iters":1},{"name":"ExistentialTestMutatingAndNonMutating_IntValueBuffer3 i1d","voluntary_cs":0,"max_rss":4636672,"data":[134352,134283,134314,134774,134639,134288,134420,134214],"involuntary_cs":119,"num_iters":1},{"name":"ExistentialTestMutatingAndNonMutating_IntValueBuffer3 i1e","voluntary_cs":0,"max_rss":4636672,"data":[134248,134243,134315,134431,134221,134285,134523,134178],"involuntary_cs":95,"num_iters":1},{"name":"ExistentialTestMutatingAndNonMutating_IntValueBuffer3 i1f","voluntary_cs":0,"max_rss":4636672,"data":[135131,134232,134368,134295,134268,134339,134378,134249],"involuntary_cs":96,"num_iters":1},{"name":"ExistentialTestMutatingAndNonMutating_IntValueBuffer3 i2a","voluntary_cs":0,"max_rss":4644864,"data":[134778,134089,134231,134151],"involuntary_cs":98,"num_iters":2},{"name":"ExistentialTestMutatingAndNonMutating_IntValueBuffer3 i2b","voluntary_cs":0,"max_rss":4644864,"data":[134205,134334,134332,134267],"involuntary_cs":99,"num_iters":2},{"name":"ExistentialTestMutatingAndNonMutating_IntValueBuffer3 i2c","voluntary_cs":0,"max_rss":4644864,"data":[134434,134396,134187,134280],"involuntary_cs":99,"num_iters":2},{"name":"ExistentialTestMutatingAndNonMutating_IntValueBuffer3 i2d","voluntary_cs":0,"max_rss":4644864,"data":[134059,134129,134175,134481],"involuntary_cs":111,"num_iters":2}],"type":"num_iters","name":"ExistentialTestMutatingAndNonMutating_IntValueBuffer3"}