{"series":[{"name":"ExistentialTestPassExistentialTwoMethodCalls_IntValueBuffer0 i1a","voluntary_cs":0,"max_rss":4636672,"data":[236249,236048,265593,236211],"involuntary_cs":90,"num_iters":1},{"name":"ExistentialTestPassExistentialTwoMethodCalls_IntValueBuffer0 i1b","voluntary_cs":0,"max_rss":4636672,"data":[236112,236650,236089,236198],"involuntary_cs":85,"num_iters":1},{"name":"ExistentialTestPassExistentialTwoMethodCalls_IntValueBuffer0 i1c","voluntary_cs":0,"max_rss":4636672,"data":[236678,236124,236057,236043],"involuntary_cs":90,"num_iters":1},{"name":"ExistentialTestPassExistentialTwoMethodCalls_IntValueBuffer0 i1d","voluntary_cs":0,"max_rss":4636672,"data":[236241,236047,236093,235980],"involuntary_cs":92,"num_iters":1},{"name":"ExistentialTestPassExistentialTwoMethodCalls_IntValueBuffer0 i1e","voluntary_cs":0,"max_rss":4636672,"data":[237119,235978,236152,236270],"involuntary_cs":175,"num_iters":1},{"name":"ExistentialTestPassExistentialTwoMethodCalls_IntValueBuffer0 i1f","voluntary_cs":0,"max_rss":4636672,"data":[236249,236038,236011,236110],"involuntary_cs":87,"num_iters":1},{"name":"ExistentialTestPassExistentialTwoMethodCalls_IntValueBuffer0 i2a","voluntary_cs":0,"max_rss":4653056,"data":[236116,236080],"involuntary_cs":89,"num_iters":2},{"name":"ExistentialTestPassExistentialTwoMethodCalls_IntValueBuffer0 i2b","voluntary_cs":0,"max_rss":4661248,"data":[236087,236427],"involuntary_cs":91,"num_iters":2},{"name":"ExistentialTestPassExistentialTwoMethodCalls_IntValueBuffer0 i2c","voluntary_cs":0,"max_rss":4644864,"data":[236076,236160],"involuntary_cs":87,"num_iters":2},{"name":"ExistentialTestPassExistentialTwoMethodCalls_IntValueBuffer0 i2d","voluntary_cs":0,"max_rss":4644864,"data":[236040,236125],"involuntary_cs":84,"num_iters":2}],"type":"num_iters","name":"ExistentialTestPassExistentialTwoMethodCalls_IntValueBuffer0"}