{"series":[{"name":"ExistentialTestPassExistentialTwoMethodCalls_IntValueBuffer2 i1a","voluntary_cs":0,"max_rss":4636672,"data":[242320,242409,242331,242467],"involuntary_cs":86,"num_iters":1},{"name":"ExistentialTestPassExistentialTwoMethodCalls_IntValueBuffer2 i1b","voluntary_cs":0,"max_rss":4644864,"data":[242591,242570,242301,242367],"involuntary_cs":90,"num_iters":1},{"name":"ExistentialTestPassExistentialTwoMethodCalls_IntValueBuffer2 i1c","voluntary_cs":0,"max_rss":4648960,"data":[242426,243161,242495,242432],"involuntary_cs":88,"num_iters":1},{"name":"ExistentialTestPassExistentialTwoMethodCalls_IntValueBuffer2 i1d","voluntary_cs":0,"max_rss":4636672,"data":[242688,242435,242672,242385],"involuntary_cs":87,"num_iters":1},{"name":"ExistentialTestPassExistentialTwoMethodCalls_IntValueBuffer2 i1e","voluntary_cs":0,"max_rss":4636672,"data":[242686,242466,242217,242354],"involuntary_cs":83,"num_iters":1},{"name":"ExistentialTestPassExistentialTwoMethodCalls_IntValueBuffer2 i1f","voluntary_cs":0,"max_rss":4636672,"data":[242726,242485,242399,242273],"involuntary_cs":98,"num_iters":1},{"name":"ExistentialTestPassExistentialTwoMethodCalls_IntValueBuffer2 i2a","voluntary_cs":0,"max_rss":4644864,"data":[242628,242390],"involuntary_cs":92,"num_iters":2},{"name":"ExistentialTestPassExistentialTwoMethodCalls_IntValueBuffer2 i2b","voluntary_cs":0,"max_rss":4644864,"data":[242661,243643],"involuntary_cs":95,"num_iters":2},{"name":"ExistentialTestPassExistentialTwoMethodCalls_IntValueBuffer2 i2c","voluntary_cs":0,"max_rss":4644864,"data":[242435,242410],"involuntary_cs":87,"num_iters":2},{"name":"ExistentialTestPassExistentialTwoMethodCalls_IntValueBuffer2 i2d","voluntary_cs":0,"max_rss":4644864,"data":[242443,242361],"involuntary_cs":85,"num_iters":2}],"type":"num_iters","name":"ExistentialTestPassExistentialTwoMethodCalls_IntValueBuffer2"}