{"series":[{"name":"ExistentialTestArrayShift_ClassValueBuffer1 i1a","voluntary_cs":0,"max_rss":4665344,"data":[257462,256557,256947,257022],"involuntary_cs":88,"num_iters":1},{"name":"ExistentialTestArrayShift_ClassValueBuffer1 i1b","voluntary_cs":0,"max_rss":4665344,"data":[257531,256629,257142,256604],"involuntary_cs":94,"num_iters":1},{"name":"ExistentialTestArrayShift_ClassValueBuffer1 i1c","voluntary_cs":0,"max_rss":4665344,"data":[257537,257351,257025,257074],"involuntary_cs":94,"num_iters":1},{"name":"ExistentialTestArrayShift_ClassValueBuffer1 i1d","voluntary_cs":0,"max_rss":4653056,"data":[258049,257572,257676,258164],"involuntary_cs":96,"num_iters":1},{"name":"ExistentialTestArrayShift_ClassValueBuffer1 i1e","voluntary_cs":0,"max_rss":4665344,"data":[260195,257144,256634,257068],"involuntary_cs":114,"num_iters":1},{"name":"ExistentialTestArrayShift_ClassValueBuffer1 i1f","voluntary_cs":0,"max_rss":4665344,"data":[257700,257132,256798,257074],"involuntary_cs":104,"num_iters":1},{"name":"ExistentialTestArrayShift_ClassValueBuffer1 i2a","voluntary_cs":0,"max_rss":4673536,"data":[257294,256637],"involuntary_cs":89,"num_iters":2},{"name":"ExistentialTestArrayShift_ClassValueBuffer1 i2b","voluntary_cs":0,"max_rss":4673536,"data":[257446,256592],"involuntary_cs":91,"num_iters":2},{"name":"ExistentialTestArrayShift_ClassValueBuffer1 i2c","voluntary_cs":0,"max_rss":4694016,"data":[257201,257443],"involuntary_cs":97,"num_iters":2},{"name":"ExistentialTestArrayShift_ClassValueBuffer1 i2d","voluntary_cs":0,"max_rss":4673536,"data":[257214,257105],"involuntary_cs":93,"num_iters":2}],"type":"num_iters","name":"ExistentialTestArrayShift_ClassValueBuffer1"}