{"series":[{"name":"ExistentialTestArrayConditionalShift_IntValueBuffer4 i1a","voluntary_cs":0,"max_rss":4677632,"data":[319344,319726,319392,319048],"involuntary_cs":116,"num_iters":1},{"name":"ExistentialTestArrayConditionalShift_IntValueBuffer4 i1b","voluntary_cs":0,"max_rss":4677632,"data":[319266,320264,319743,319799],"involuntary_cs":137,"num_iters":1},{"name":"ExistentialTestArrayConditionalShift_IntValueBuffer4 i1c","voluntary_cs":0,"max_rss":4677632,"data":[319181,319191,318794,319695],"involuntary_cs":117,"num_iters":1},{"name":"ExistentialTestArrayConditionalShift_IntValueBuffer4 i1d","voluntary_cs":0,"max_rss":4677632,"data":[318533,319802,319388,319230],"involuntary_cs":108,"num_iters":1},{"name":"ExistentialTestArrayConditionalShift_IntValueBuffer4 i1e","voluntary_cs":0,"max_rss":4677632,"data":[318496,328163,318932,318767],"involuntary_cs":131,"num_iters":1},{"name":"ExistentialTestArrayConditionalShift_IntValueBuffer4 i1f","voluntary_cs":0,"max_rss":4677632,"data":[319267,319369,319261,319971],"involuntary_cs":115,"num_iters":1},{"name":"ExistentialTestArrayConditionalShift_IntValueBuffer4 i2a","voluntary_cs":0,"max_rss":4673536,"data":[319646,319814],"involuntary_cs":114,"num_iters":2},{"name":"ExistentialTestArrayConditionalShift_IntValueBuffer4 i2b","voluntary_cs":0,"max_rss":4673536,"data":[317867,317738],"involuntary_cs":127,"num_iters":2},{"name":"ExistentialTestArrayConditionalShift_IntValueBuffer4 i2c","voluntary_cs":0,"max_rss":4685824,"data":[318681,321688],"involuntary_cs":115,"num_iters":2},{"name":"ExistentialTestArrayConditionalShift_IntValueBuffer4 i2d","voluntary_cs":0,"max_rss":4689920,"data":[318633,318095],"involuntary_cs":113,"num_iters":2}],"type":"num_iters","name":"ExistentialTestArrayConditionalShift_IntValueBuffer4"}