{"series":[{"name":"ExistentialTestArrayConditionalShift_ClassValueBuffer3 i1a","voluntary_cs":0,"max_rss":4694016,"data":[657857,627381],"involuntary_cs":122,"num_iters":1},{"name":"ExistentialTestArrayConditionalShift_ClassValueBuffer3 i1b","voluntary_cs":0,"max_rss":4677632,"data":[625917,635313],"involuntary_cs":110,"num_iters":1},{"name":"ExistentialTestArrayConditionalShift_ClassValueBuffer3 i1c","voluntary_cs":0,"max_rss":4677632,"data":[625681,656261],"involuntary_cs":125,"num_iters":1},{"name":"ExistentialTestArrayConditionalShift_ClassValueBuffer3 i1d","voluntary_cs":0,"max_rss":4677632,"data":[625790,635318],"involuntary_cs":112,"num_iters":1},{"name":"ExistentialTestArrayConditionalShift_ClassValueBuffer3 i1e","voluntary_cs":0,"max_rss":4677632,"data":[678810,712496],"involuntary_cs":131,"num_iters":1},{"name":"ExistentialTestArrayConditionalShift_ClassValueBuffer3 i1f","voluntary_cs":0,"max_rss":4677632,"data":[625661,638506],"involuntary_cs":110,"num_iters":1},{"name":"ExistentialTestArrayConditionalShift_ClassValueBuffer3 i1g","voluntary_cs":0,"max_rss":4661248,"data":[625996,625813],"involuntary_cs":115,"num_iters":1},{"name":"ExistentialTestArrayConditionalShift_ClassValueBuffer3 i1h","voluntary_cs":0,"max_rss":4661248,"data":[640432,631498],"involuntary_cs":109,"num_iters":1},{"name":"ExistentialTestArrayConditionalShift_ClassValueBuffer3 i1i","voluntary_cs":0,"max_rss":4677632,"data":[626963,635765],"involuntary_cs":134,"num_iters":1},{"name":"ExistentialTestArrayConditionalShift_ClassValueBuffer3 i1j","voluntary_cs":0,"max_rss":4677632,"data":[626016,635574],"involuntary_cs":109,"num_iters":1}],"type":"num_iters","name":"ExistentialTestArrayConditionalShift_ClassValueBuffer3"}