{"series":[{"name":"ExistentialTestPassExistentialTwoMethodCalls_ClassValueBuffer2 i1a","voluntary_cs":0,"max_rss":4636672,"data":[1846075,1846401],"involuntary_cs":335,"num_iters":1},{"name":"ExistentialTestPassExistentialTwoMethodCalls_ClassValueBuffer2 i1b","voluntary_cs":0,"max_rss":4661248,"data":[1847795,1847693],"involuntary_cs":354,"num_iters":1},{"name":"ExistentialTestPassExistentialTwoMethodCalls_ClassValueBuffer2 i1c","voluntary_cs":0,"max_rss":4636672,"data":[1847594,1846335],"involuntary_cs":322,"num_iters":1},{"name":"ExistentialTestPassExistentialTwoMethodCalls_ClassValueBuffer2 i1d","voluntary_cs":0,"max_rss":4636672,"data":[1847676,1866992],"involuntary_cs":342,"num_iters":1},{"name":"ExistentialTestPassExistentialTwoMethodCalls_ClassValueBuffer2 i1e","voluntary_cs":0,"max_rss":4636672,"data":[1846801,1848457],"involuntary_cs":333,"num_iters":1},{"name":"ExistentialTestPassExistentialTwoMethodCalls_ClassValueBuffer2 i1f","voluntary_cs":0,"max_rss":4624384,"data":[1845774,1845775],"involuntary_cs":341,"num_iters":1},{"name":"ExistentialTestPassExistentialTwoMethodCalls_ClassValueBuffer2 i1g","voluntary_cs":0,"max_rss":4636672,"data":[1847170,1867454],"involuntary_cs":336,"num_iters":1},{"name":"ExistentialTestPassExistentialTwoMethodCalls_ClassValueBuffer2 i1h","voluntary_cs":0,"max_rss":4624384,"data":[1845583,1847242],"involuntary_cs":338,"num_iters":1},{"name":"ExistentialTestPassExistentialTwoMethodCalls_ClassValueBuffer2 i1i","voluntary_cs":0,"max_rss":4636672,"data":[1846447,1874735],"involuntary_cs":324,"num_iters":1},{"name":"ExistentialTestPassExistentialTwoMethodCalls_ClassValueBuffer2 i1j","voluntary_cs":0,"max_rss":4636672,"data":[1851311,1866820],"involuntary_cs":393,"num_iters":1}],"type":"num_iters","name":"ExistentialTestPassExistentialTwoMethodCalls_ClassValueBuffer2"}