{"series":[{"name":"ExistentialTestPassExistentialTwoMethodCalls_ClassValueBuffer4 i1a","voluntary_cs":0,"max_rss":4644864,"data":[1091595,1091992],"involuntary_cs":193,"num_iters":1},{"name":"ExistentialTestPassExistentialTwoMethodCalls_ClassValueBuffer4 i1b","voluntary_cs":0,"max_rss":4653056,"data":[1092540,1172144],"involuntary_cs":212,"num_iters":1},{"name":"ExistentialTestPassExistentialTwoMethodCalls_ClassValueBuffer4 i1c","voluntary_cs":0,"max_rss":4644864,"data":[1090964,1102437],"involuntary_cs":197,"num_iters":1},{"name":"ExistentialTestPassExistentialTwoMethodCalls_ClassValueBuffer4 i1d","voluntary_cs":0,"max_rss":4644864,"data":[1093883,1103038],"involuntary_cs":209,"num_iters":1},{"name":"ExistentialTestPassExistentialTwoMethodCalls_ClassValueBuffer4 i1e","voluntary_cs":0,"max_rss":4644864,"data":[1092379,1091641],"involuntary_cs":193,"num_iters":1},{"name":"ExistentialTestPassExistentialTwoMethodCalls_ClassValueBuffer4 i1f","voluntary_cs":0,"max_rss":4644864,"data":[1092257,1092727],"involuntary_cs":209,"num_iters":1},{"name":"ExistentialTestPassExistentialTwoMethodCalls_ClassValueBuffer4 i1g","voluntary_cs":0,"max_rss":4632576,"data":[1094605,1091368],"involuntary_cs":196,"num_iters":1},{"name":"ExistentialTestPassExistentialTwoMethodCalls_ClassValueBuffer4 i1h","voluntary_cs":0,"max_rss":4644864,"data":[1092824,1091650],"involuntary_cs":189,"num_iters":1},{"name":"ExistentialTestPassExistentialTwoMethodCalls_ClassValueBuffer4 i1i","voluntary_cs":0,"max_rss":4644864,"data":[1093165,1103049],"involuntary_cs":199,"num_iters":1},{"name":"ExistentialTestPassExistentialTwoMethodCalls_ClassValueBuffer4 i1j","voluntary_cs":0,"max_rss":4653056,"data":[1091003,1094984],"involuntary_cs":194,"num_iters":1}],"type":"num_iters","name":"ExistentialTestPassExistentialTwoMethodCalls_ClassValueBuffer4"}