{"series":[{"name":"ExistentialTestArrayMutating_IntValueBuffer2 i1a","voluntary_cs":0,"max_rss":4665344,"data":[80481,79731,79620,79607,79634,79656,80310,80377,79718,80336,79688,80305,79631,80351,80318,80314],"involuntary_cs":114,"num_iters":1},{"name":"ExistentialTestArrayMutating_IntValueBuffer2 i1b","voluntary_cs":0,"max_rss":4665344,"data":[80534,80316,80315,80419,79727,81080,79673,79694,79639,79703,80369,79650,79855,80411,79640,79696],"involuntary_cs":122,"num_iters":1},{"name":"ExistentialTestArrayMutating_IntValueBuffer2 i1c","voluntary_cs":0,"max_rss":4665344,"data":[80435,80315,80313,80280,80322,80425,80874,80256,80270,80298,80313,80394,80292,80343,80258,80260],"involuntary_cs":111,"num_iters":1},{"name":"ExistentialTestArrayMutating_IntValueBuffer2 i1d","voluntary_cs":0,"max_rss":4665344,"data":[80575,78431,80350,80365,80304,80592,80353,80371,79271,79621,80372,80326,78947,80319,80322,80431],"involuntary_cs":115,"num_iters":1},{"name":"ExistentialTestArrayMutating_IntValueBuffer2 i1e","voluntary_cs":0,"max_rss":4665344,"data":[80522,80339,80320,80350,80339,80359,80374,80275,80162,80346,80312,80329,80337,80311,80320,80384],"involuntary_cs":116,"num_iters":1},{"name":"ExistentialTestArrayMutating_IntValueBuffer2 i1f","voluntary_cs":0,"max_rss":4665344,"data":[80527,80357,80294,80304,79751,80400,79665,80369,79684,79695,79686,79709,80292,80282,80336,79692],"involuntary_cs":110,"num_iters":1},{"name":"ExistentialTestArrayMutating_IntValueBuffer2 i2a","voluntary_cs":0,"max_rss":4673536,"data":[80369,79088,79320,80620,80338,80329,80312,80333],"involuntary_cs":117,"num_iters":2},{"name":"ExistentialTestArrayMutating_IntValueBuffer2 i2b","voluntary_cs":0,"max_rss":4673536,"data":[80373,80336,79970,80363,80304,80343,80259,80328],"involuntary_cs":123,"num_iters":2},{"name":"ExistentialTestArrayMutating_IntValueBuffer2 i2c","voluntary_cs":0,"max_rss":4673536,"data":[80464,80294,80417,80302,80275,80319,80319,80296],"involuntary_cs":113,"num_iters":2},{"name":"ExistentialTestArrayMutating_IntValueBuffer2 i2d","voluntary_cs":0,"max_rss":4673536,"data":[80376,80339,80118,80308,80677,80202,80311,80240],"involuntary_cs":114,"num_iters":2}],"type":"num_iters","name":"ExistentialTestArrayMutating_IntValueBuffer2"}