{"series":[{"name":"ExistentialTestArrayShift_ClassValueBuffer2 i1a","voluntary_cs":0,"max_rss":4657152,"data":[357811,355901],"involuntary_cs":61,"num_iters":1},{"name":"ExistentialTestArrayShift_ClassValueBuffer2 i1b","voluntary_cs":0,"max_rss":4665344,"data":[356303,356138],"involuntary_cs":80,"num_iters":1},{"name":"ExistentialTestArrayShift_ClassValueBuffer2 i1c","voluntary_cs":0,"max_rss":4673536,"data":[358760,355098],"involuntary_cs":63,"num_iters":1},{"name":"ExistentialTestArrayShift_ClassValueBuffer2 i1d","voluntary_cs":0,"max_rss":4657152,"data":[355889,355817],"involuntary_cs":64,"num_iters":1},{"name":"ExistentialTestArrayShift_ClassValueBuffer2 i1e","voluntary_cs":0,"max_rss":4669440,"data":[358525,354795],"involuntary_cs":69,"num_iters":1},{"name":"ExistentialTestArrayShift_ClassValueBuffer2 i1f","voluntary_cs":0,"max_rss":4657152,"data":[355913,355802],"involuntary_cs":67,"num_iters":1},{"name":"ExistentialTestArrayShift_ClassValueBuffer2 i1g","voluntary_cs":0,"max_rss":4644864,"data":[355933,355991],"involuntary_cs":68,"num_iters":1},{"name":"ExistentialTestArrayShift_ClassValueBuffer2 i1h","voluntary_cs":0,"max_rss":4669440,"data":[356216,354302],"involuntary_cs":62,"num_iters":1},{"name":"ExistentialTestArrayShift_ClassValueBuffer2 i1i","voluntary_cs":0,"max_rss":4644864,"data":[356580,355573],"involuntary_cs":73,"num_iters":1},{"name":"ExistentialTestArrayShift_ClassValueBuffer2 i1j","voluntary_cs":0,"max_rss":4669440,"data":[357343,355158],"involuntary_cs":76,"num_iters":1}],"type":"num_iters","name":"ExistentialTestArrayShift_ClassValueBuffer2"}