{"series":[{"name":"ExistentialTestMutating_ClassValueBuffer4 i1a","voluntary_cs":0,"max_rss":4636672,"data":[152559,152578,152516,152616,152553,152481,152655,152449],"involuntary_cs":112,"num_iters":1},{"name":"ExistentialTestMutating_ClassValueBuffer4 i1b","voluntary_cs":1,"max_rss":4636672,"data":[152184,152597,152335,152612,152618,152685,152649,153372],"involuntary_cs":115,"num_iters":1},{"name":"ExistentialTestMutating_ClassValueBuffer4 i1c","voluntary_cs":0,"max_rss":4636672,"data":[152520,152608,152539,152543,153312,152606,152644,152496],"involuntary_cs":111,"num_iters":1},{"name":"ExistentialTestMutating_ClassValueBuffer4 i1d","voluntary_cs":0,"max_rss":4644864,"data":[152588,152735,152656,152303,152584,152056,152603,152661],"involuntary_cs":120,"num_iters":1},{"name":"ExistentialTestMutating_ClassValueBuffer4 i1e","voluntary_cs":0,"max_rss":4636672,"data":[152187,152586,152478,152550,152484,151282,152114,152487],"involuntary_cs":112,"num_iters":1},{"name":"ExistentialTestMutating_ClassValueBuffer4 i1f","voluntary_cs":0,"max_rss":4644864,"data":[152634,152596,152464,152452,152416,152533,152643,152470],"involuntary_cs":108,"num_iters":1},{"name":"ExistentialTestMutating_ClassValueBuffer4 i2a","voluntary_cs":0,"max_rss":4644864,"data":[152691,152744,152678,152869],"involuntary_cs":115,"num_iters":2},{"name":"ExistentialTestMutating_ClassValueBuffer4 i2b","voluntary_cs":0,"max_rss":4644864,"data":[152554,152570,152637,152477],"involuntary_cs":110,"num_iters":2},{"name":"ExistentialTestMutating_ClassValueBuffer4 i2c","voluntary_cs":0,"max_rss":4644864,"data":[152540,152611,152538,152610],"involuntary_cs":115,"num_iters":2},{"name":"ExistentialTestMutating_ClassValueBuffer4 i2d","voluntary_cs":0,"max_rss":4644864,"data":[152504,152502,152402,152331],"involuntary_cs":115,"num_iters":2}],"type":"num_iters","name":"ExistentialTestMutating_ClassValueBuffer4"}