{"series":[{"name":"ExistentialTestPassExistentialOneMethodCall_ClassValueBuffer1 i1a","voluntary_cs":0,"max_rss":4624384,"data":[987017,986686],"involuntary_cs":184,"num_iters":1},{"name":"ExistentialTestPassExistentialOneMethodCall_ClassValueBuffer1 i1b","voluntary_cs":0,"max_rss":4624384,"data":[986688,986316],"involuntary_cs":181,"num_iters":1},{"name":"ExistentialTestPassExistentialOneMethodCall_ClassValueBuffer1 i1c","voluntary_cs":0,"max_rss":4636672,"data":[986535,985974],"involuntary_cs":179,"num_iters":1},{"name":"ExistentialTestPassExistentialOneMethodCall_ClassValueBuffer1 i1d","voluntary_cs":0,"max_rss":4636672,"data":[987256,985711],"involuntary_cs":181,"num_iters":1},{"name":"ExistentialTestPassExistentialOneMethodCall_ClassValueBuffer1 i1e","voluntary_cs":0,"max_rss":4636672,"data":[986258,988581],"involuntary_cs":195,"num_iters":1},{"name":"ExistentialTestPassExistentialOneMethodCall_ClassValueBuffer1 i1f","voluntary_cs":0,"max_rss":4636672,"data":[986143,986605],"involuntary_cs":175,"num_iters":1},{"name":"ExistentialTestPassExistentialOneMethodCall_ClassValueBuffer1 i1g","voluntary_cs":0,"max_rss":4636672,"data":[986741,986161],"involuntary_cs":173,"num_iters":1},{"name":"ExistentialTestPassExistentialOneMethodCall_ClassValueBuffer1 i1h","voluntary_cs":0,"max_rss":4677632,"data":[986741,986500],"involuntary_cs":188,"num_iters":1},{"name":"ExistentialTestPassExistentialOneMethodCall_ClassValueBuffer1 i1i","voluntary_cs":0,"max_rss":4636672,"data":[1001604,1062291],"involuntary_cs":194,"num_iters":1},{"name":"ExistentialTestPassExistentialOneMethodCall_ClassValueBuffer1 i1j","voluntary_cs":0,"max_rss":4640768,"data":[986189,986136],"involuntary_cs":176,"num_iters":1}],"type":"num_iters","name":"ExistentialTestPassExistentialOneMethodCall_ClassValueBuffer1"}