{"series":[{"name":"ExistentialTestPassExistentialOneMethodCall_IntValueBuffer1 i1a","voluntary_cs":0,"max_rss":4644864,"data":[173527,173284,173260,173552,173267,173435,173470,174626],"involuntary_cs":148,"num_iters":1},{"name":"ExistentialTestPassExistentialOneMethodCall_IntValueBuffer1 i1b","voluntary_cs":0,"max_rss":4644864,"data":[173458,173517,173368,173439,173317,173427,174398,173391],"involuntary_cs":154,"num_iters":1},{"name":"ExistentialTestPassExistentialOneMethodCall_IntValueBuffer1 i1c","voluntary_cs":0,"max_rss":4644864,"data":[173538,173592,173308,173601,173507,173336,173396,173963],"involuntary_cs":139,"num_iters":1},{"name":"ExistentialTestPassExistentialOneMethodCall_IntValueBuffer1 i1d","voluntary_cs":0,"max_rss":4644864,"data":[173361,173382,173670,173454,173961,173328,173327,173395],"involuntary_cs":125,"num_iters":1},{"name":"ExistentialTestPassExistentialOneMethodCall_IntValueBuffer1 i1e","voluntary_cs":0,"max_rss":4644864,"data":[173473,173351,173387,173404,173271,173533,173276,173495],"involuntary_cs":127,"num_iters":1},{"name":"ExistentialTestPassExistentialOneMethodCall_IntValueBuffer1 i1f","voluntary_cs":0,"max_rss":4644864,"data":[173374,173288,173469,173335,173497,173346,173289,173373],"involuntary_cs":119,"num_iters":1},{"name":"ExistentialTestPassExistentialOneMethodCall_IntValueBuffer1 i2a","voluntary_cs":0,"max_rss":4640768,"data":[173467,173447,173718,173387],"involuntary_cs":134,"num_iters":2},{"name":"ExistentialTestPassExistentialOneMethodCall_IntValueBuffer1 i2b","voluntary_cs":0,"max_rss":4661248,"data":[173448,173797,173333,173438],"involuntary_cs":139,"num_iters":2},{"name":"ExistentialTestPassExistentialOneMethodCall_IntValueBuffer1 i2c","voluntary_cs":0,"max_rss":4653056,"data":[173420,173416,173377,173410],"involuntary_cs":123,"num_iters":2},{"name":"ExistentialTestPassExistentialOneMethodCall_IntValueBuffer1 i2d","voluntary_cs":0,"max_rss":4653056,"data":[173406,173485,173771,173448],"involuntary_cs":134,"num_iters":2}],"type":"num_iters","name":"ExistentialTestPassExistentialOneMethodCall_IntValueBuffer1"}