{"series":[{"name":"ExistentialTestArrayOneMethodCall_ClassValueBuffer3 i1a","voluntary_cs":0,"max_rss":4685824,"data":[167619,168160,167391,168746,167436,168165,168131,167514],"involuntary_cs":123,"num_iters":1},{"name":"ExistentialTestArrayOneMethodCall_ClassValueBuffer3 i1b","voluntary_cs":0,"max_rss":4673536,"data":[168413,168183,168213,168335,168275,168067,168055,168208],"involuntary_cs":124,"num_iters":1},{"name":"ExistentialTestArrayOneMethodCall_ClassValueBuffer3 i1c","voluntary_cs":0,"max_rss":4673536,"data":[168487,167626,168195,168046,168169,168370,167455,168119],"involuntary_cs":132,"num_iters":1},{"name":"ExistentialTestArrayOneMethodCall_ClassValueBuffer3 i1d","voluntary_cs":0,"max_rss":4644864,"data":[168517,168165,168164,168826,168156,168182,168291,168268],"involuntary_cs":121,"num_iters":1},{"name":"ExistentialTestArrayOneMethodCall_ClassValueBuffer3 i1e","voluntary_cs":0,"max_rss":4673536,"data":[168399,168158,170718,173479,168154,168142,168234,170681],"involuntary_cs":165,"num_iters":1},{"name":"ExistentialTestArrayOneMethodCall_ClassValueBuffer3 i1f","voluntary_cs":0,"max_rss":4673536,"data":[168310,168306,171027,168091,170856,168123,168085,168372],"involuntary_cs":119,"num_iters":1},{"name":"ExistentialTestArrayOneMethodCall_ClassValueBuffer3 i2a","voluntary_cs":0,"max_rss":4681728,"data":[168383,170703,167547,170743],"involuntary_cs":123,"num_iters":2},{"name":"ExistentialTestArrayOneMethodCall_ClassValueBuffer3 i2b","voluntary_cs":0,"max_rss":4681728,"data":[168203,171051,167432,168237],"involuntary_cs":129,"num_iters":2},{"name":"ExistentialTestArrayOneMethodCall_ClassValueBuffer3 i2c","voluntary_cs":0,"max_rss":4681728,"data":[168321,167833,170630,168142],"involuntary_cs":124,"num_iters":2},{"name":"ExistentialTestArrayOneMethodCall_ClassValueBuffer3 i2d","voluntary_cs":0,"max_rss":4681728,"data":[168288,167370,170736,168115],"involuntary_cs":117,"num_iters":2}],"type":"num_iters","name":"ExistentialTestArrayOneMethodCall_ClassValueBuffer3"}