{"series":[{"name":"ExistentialTestMutatingAndNonMutating_IntValueBuffer4 i1a","voluntary_cs":0,"max_rss":4636672,"data":[727322,729196],"involuntary_cs":129,"num_iters":1},{"name":"ExistentialTestMutatingAndNonMutating_IntValueBuffer4 i1b","voluntary_cs":0,"max_rss":4636672,"data":[652099,651853],"involuntary_cs":116,"num_iters":1},{"name":"ExistentialTestMutatingAndNonMutating_IntValueBuffer4 i1c","voluntary_cs":0,"max_rss":4636672,"data":[652028,651667],"involuntary_cs":123,"num_iters":1},{"name":"ExistentialTestMutatingAndNonMutating_IntValueBuffer4 i1d","voluntary_cs":0,"max_rss":4644864,"data":[652636,652243],"involuntary_cs":133,"num_iters":1},{"name":"ExistentialTestMutatingAndNonMutating_IntValueBuffer4 i1e","voluntary_cs":0,"max_rss":4636672,"data":[652413,651838],"involuntary_cs":113,"num_iters":1},{"name":"ExistentialTestMutatingAndNonMutating_IntValueBuffer4 i1f","voluntary_cs":0,"max_rss":4636672,"data":[652109,651447],"involuntary_cs":119,"num_iters":1},{"name":"ExistentialTestMutatingAndNonMutating_IntValueBuffer4 i1g","voluntary_cs":0,"max_rss":4636672,"data":[652818,651851],"involuntary_cs":117,"num_iters":1},{"name":"ExistentialTestMutatingAndNonMutating_IntValueBuffer4 i1h","voluntary_cs":0,"max_rss":4648960,"data":[653484,651137],"involuntary_cs":153,"num_iters":1},{"name":"ExistentialTestMutatingAndNonMutating_IntValueBuffer4 i1i","voluntary_cs":0,"max_rss":4636672,"data":[652434,714342],"involuntary_cs":135,"num_iters":1},{"name":"ExistentialTestMutatingAndNonMutating_IntValueBuffer4 i1j","voluntary_cs":0,"max_rss":4636672,"data":[652422,651888],"involuntary_cs":117,"num_iters":1}],"type":"num_iters","name":"ExistentialTestMutatingAndNonMutating_IntValueBuffer4"}