{"series":[{"name":"ExistentialTestArrayShift_ClassValueBuffer3 i1a","voluntary_cs":0,"max_rss":4673536,"data":[466276,464805],"involuntary_cs":87,"num_iters":1},{"name":"ExistentialTestArrayShift_ClassValueBuffer3 i1b","voluntary_cs":0,"max_rss":4673536,"data":[464006,465001],"involuntary_cs":90,"num_iters":1},{"name":"ExistentialTestArrayShift_ClassValueBuffer3 i1c","voluntary_cs":0,"max_rss":4644864,"data":[464366,464454],"involuntary_cs":79,"num_iters":1},{"name":"ExistentialTestArrayShift_ClassValueBuffer3 i1d","voluntary_cs":0,"max_rss":4673536,"data":[464543,466151],"involuntary_cs":84,"num_iters":1},{"name":"ExistentialTestArrayShift_ClassValueBuffer3 i1e","voluntary_cs":0,"max_rss":4673536,"data":[464103,465397],"involuntary_cs":88,"num_iters":1},{"name":"ExistentialTestArrayShift_ClassValueBuffer3 i1f","voluntary_cs":0,"max_rss":4661248,"data":[465560,464844],"involuntary_cs":79,"num_iters":1},{"name":"ExistentialTestArrayShift_ClassValueBuffer3 i1g","voluntary_cs":1,"max_rss":4673536,"data":[464603,464845],"involuntary_cs":93,"num_iters":1},{"name":"ExistentialTestArrayShift_ClassValueBuffer3 i1h","voluntary_cs":0,"max_rss":4673536,"data":[464219,464912],"involuntary_cs":85,"num_iters":1},{"name":"ExistentialTestArrayShift_ClassValueBuffer3 i1i","voluntary_cs":0,"max_rss":4665344,"data":[464377,464222],"involuntary_cs":86,"num_iters":1},{"name":"ExistentialTestArrayShift_ClassValueBuffer3 i1j","voluntary_cs":0,"max_rss":4677632,"data":[463530,463587],"involuntary_cs":80,"num_iters":1}],"type":"num_iters","name":"ExistentialTestArrayShift_ClassValueBuffer3"}