{"series":[{"name":"ExistentialTestArrayTwoMethodCalls_ClassValueBuffer1 i1a","voluntary_cs":0,"max_rss":4677632,"data":[67946,67736,67736,67761,67799,67853,67759,68034,67770,67767,67768,69900,68019,67768,67774,67752],"involuntary_cs":148,"num_iters":1},{"name":"ExistentialTestArrayTwoMethodCalls_ClassValueBuffer1 i1b","voluntary_cs":0,"max_rss":4665344,"data":[67868,67726,67712,67727,67878,67725,67727,67839,67838,67723,67759,67696,67763,67805,67761,67747],"involuntary_cs":104,"num_iters":1},{"name":"ExistentialTestArrayTwoMethodCalls_ClassValueBuffer1 i1c","voluntary_cs":0,"max_rss":4665344,"data":[67919,67752,67826,67719,67704,67925,67667,67711,67712,67695,67685,67703,67707,67728,67740,67728],"involuntary_cs":99,"num_iters":1},{"name":"ExistentialTestArrayTwoMethodCalls_ClassValueBuffer1 i1d","voluntary_cs":0,"max_rss":4665344,"data":[67874,67928,67784,67704,67752,67684,67717,67749,67727,67702,67719,67700,67713,67741,67704,67697],"involuntary_cs":101,"num_iters":1},{"name":"ExistentialTestArrayTwoMethodCalls_ClassValueBuffer1 i1e","voluntary_cs":0,"max_rss":4665344,"data":[67915,68369,67721,67801,67737,67672,67706,67708,67767,67668,67731,67752,67720,67708,67692,67837],"involuntary_cs":99,"num_iters":1},{"name":"ExistentialTestArrayTwoMethodCalls_ClassValueBuffer1 i1f","voluntary_cs":0,"max_rss":4665344,"data":[67975,67754,67781,67648,67751,67767,67752,67949,67786,68401,67809,67790,69516,70548,69727,71152],"involuntary_cs":177,"num_iters":1},{"name":"ExistentialTestArrayTwoMethodCalls_ClassValueBuffer1 i2a","voluntary_cs":0,"max_rss":4673536,"data":[67864,67734,67721,67720,67656,67750,67778,67785],"involuntary_cs":112,"num_iters":2},{"name":"ExistentialTestArrayTwoMethodCalls_ClassValueBuffer1 i2b","voluntary_cs":0,"max_rss":4673536,"data":[67820,67744,67722,67681,67626,67653,67703,67684],"involuntary_cs":97,"num_iters":2},{"name":"ExistentialTestArrayTwoMethodCalls_ClassValueBuffer1 i2c","voluntary_cs":0,"max_rss":4673536,"data":[67851,67681,67709,67718,67689,67750,67703,68022],"involuntary_cs":95,"num_iters":2},{"name":"ExistentialTestArrayTwoMethodCalls_ClassValueBuffer1 i2d","voluntary_cs":0,"max_rss":4673536,"data":[67832,67722,67670,67685,67701,67782,67727,67674],"involuntary_cs":96,"num_iters":2}],"type":"num_iters","name":"ExistentialTestArrayTwoMethodCalls_ClassValueBuffer1"}