{"series":[{"name":"ExistentialTestArrayConditionalShift_IntValueBuffer0 i1a","voluntary_cs":0,"max_rss":4657152,"data":[172517,172338,172319,172324,172470,172358,172364,172242],"involuntary_cs":120,"num_iters":1},{"name":"ExistentialTestArrayConditionalShift_IntValueBuffer0 i1b","voluntary_cs":0,"max_rss":4657152,"data":[173630,173571,173412,173482,174222,173399,173659,174063],"involuntary_cs":142,"num_iters":1},{"name":"ExistentialTestArrayConditionalShift_IntValueBuffer0 i1c","voluntary_cs":0,"max_rss":4657152,"data":[173395,173220,173288,173155,173211,173128,173194,173851],"involuntary_cs":135,"num_iters":1},{"name":"ExistentialTestArrayConditionalShift_IntValueBuffer0 i1d","voluntary_cs":0,"max_rss":4657152,"data":[173623,173492,173700,173549,173534,173587,173587,173602],"involuntary_cs":124,"num_iters":1},{"name":"ExistentialTestArrayConditionalShift_IntValueBuffer0 i1e","voluntary_cs":0,"max_rss":4657152,"data":[175077,174929,174898,179102,179016,178950,176649,174801],"involuntary_cs":122,"num_iters":1},{"name":"ExistentialTestArrayConditionalShift_IntValueBuffer0 i1f","voluntary_cs":0,"max_rss":4657152,"data":[172476,172311,173558,173559,172360,173077,173529,172361],"involuntary_cs":119,"num_iters":1},{"name":"ExistentialTestArrayConditionalShift_IntValueBuffer0 i2a","voluntary_cs":0,"max_rss":4661248,"data":[173584,173634,173600,173768],"involuntary_cs":122,"num_iters":2},{"name":"ExistentialTestArrayConditionalShift_IntValueBuffer0 i2b","voluntary_cs":0,"max_rss":4665344,"data":[173839,173766,173876,173735],"involuntary_cs":120,"num_iters":2},{"name":"ExistentialTestArrayConditionalShift_IntValueBuffer0 i2c","voluntary_cs":0,"max_rss":4665344,"data":[172463,173560,173541,172369],"involuntary_cs":127,"num_iters":2},{"name":"ExistentialTestArrayConditionalShift_IntValueBuffer0 i2d","voluntary_cs":0,"max_rss":4673536,"data":[174974,174508,174141,174848],"involuntary_cs":120,"num_iters":2}],"type":"num_iters","name":"ExistentialTestArrayConditionalShift_IntValueBuffer0"}