{"series":[{"name":"ExistentialTestArrayShift_IntValueBuffer0 i1a","voluntary_cs":0,"max_rss":4669440,"data":[152054,151772,151793,151776,151871,151786,151775,151726],"involuntary_cs":108,"num_iters":1},{"name":"ExistentialTestArrayShift_IntValueBuffer0 i1b","voluntary_cs":0,"max_rss":4669440,"data":[151691,151349,151525,151379,151376,151350,151381,151353],"involuntary_cs":107,"num_iters":1},{"name":"ExistentialTestArrayShift_IntValueBuffer0 i1c","voluntary_cs":0,"max_rss":4669440,"data":[151177,150947,151020,150947,151101,151449,150966,150968],"involuntary_cs":108,"num_iters":1},{"name":"ExistentialTestArrayShift_IntValueBuffer0 i1d","voluntary_cs":0,"max_rss":4669440,"data":[148146,147980,147957,147918,148049,148030,148042,148350],"involuntary_cs":107,"num_iters":1},{"name":"ExistentialTestArrayShift_IntValueBuffer0 i1e","voluntary_cs":0,"max_rss":4669440,"data":[156416,151628,151847,151607,151673,151770,151674,151824],"involuntary_cs":137,"num_iters":1},{"name":"ExistentialTestArrayShift_IntValueBuffer0 i1f","voluntary_cs":0,"max_rss":4669440,"data":[151605,151500,151444,151375,151450,151592,151317,151440],"involuntary_cs":125,"num_iters":1},{"name":"ExistentialTestArrayShift_IntValueBuffer0 i2a","voluntary_cs":0,"max_rss":4665344,"data":[151499,151032,151033,151008],"involuntary_cs":109,"num_iters":2},{"name":"ExistentialTestArrayShift_IntValueBuffer0 i2b","voluntary_cs":0,"max_rss":4677632,"data":[151138,150767,150811,150764],"involuntary_cs":112,"num_iters":2},{"name":"ExistentialTestArrayShift_IntValueBuffer0 i2c","voluntary_cs":0,"max_rss":4677632,"data":[151491,151718,151406,151411],"involuntary_cs":110,"num_iters":2},{"name":"ExistentialTestArrayShift_IntValueBuffer0 i2d","voluntary_cs":0,"max_rss":4677632,"data":[151159,151111,151036,151105],"involuntary_cs":113,"num_iters":2}],"type":"num_iters","name":"ExistentialTestArrayShift_IntValueBuffer0"}