{"series":[{"name":"ExistentialTestArrayConditionalShift_ClassValueBuffer2 i1a","voluntary_cs":0,"max_rss":4648960,"data":[480421,481710],"involuntary_cs":215,"num_iters":1},{"name":"ExistentialTestArrayConditionalShift_ClassValueBuffer2 i1b","voluntary_cs":0,"max_rss":4661248,"data":[474270,471955],"involuntary_cs":103,"num_iters":1},{"name":"ExistentialTestArrayConditionalShift_ClassValueBuffer2 i1c","voluntary_cs":0,"max_rss":4681728,"data":[472625,473105],"involuntary_cs":85,"num_iters":1},{"name":"ExistentialTestArrayConditionalShift_ClassValueBuffer2 i1d","voluntary_cs":0,"max_rss":4673536,"data":[472265,472085],"involuntary_cs":84,"num_iters":1},{"name":"ExistentialTestArrayConditionalShift_ClassValueBuffer2 i1e","voluntary_cs":0,"max_rss":4661248,"data":[472189,472784],"involuntary_cs":85,"num_iters":1},{"name":"ExistentialTestArrayConditionalShift_ClassValueBuffer2 i1f","voluntary_cs":0,"max_rss":4673536,"data":[472019,473186],"involuntary_cs":83,"num_iters":1},{"name":"ExistentialTestArrayConditionalShift_ClassValueBuffer2 i1g","voluntary_cs":0,"max_rss":4673536,"data":[472875,472254],"involuntary_cs":93,"num_iters":1},{"name":"ExistentialTestArrayConditionalShift_ClassValueBuffer2 i1h","voluntary_cs":0,"max_rss":4661248,"data":[472398,471957],"involuntary_cs":88,"num_iters":1},{"name":"ExistentialTestArrayConditionalShift_ClassValueBuffer2 i1i","voluntary_cs":0,"max_rss":4661248,"data":[472635,471975],"involuntary_cs":100,"num_iters":1},{"name":"ExistentialTestArrayConditionalShift_ClassValueBuffer2 i1j","voluntary_cs":1,"max_rss":4673536,"data":[472361,472146],"involuntary_cs":82,"num_iters":1}],"type":"num_iters","name":"ExistentialTestArrayConditionalShift_ClassValueBuffer2"}