{"series":[{"name":"ExistentialTestArrayMutating_IntValueBuffer0 i1a","voluntary_cs":1,"max_rss":4665344,"data":[75603,74513,75337,74502,74569,74562,74522,74488,74488,74557,74496,74489,74447,74457,74556,74572],"involuntary_cs":117,"num_iters":1},{"name":"ExistentialTestArrayMutating_IntValueBuffer0 i1b","voluntary_cs":0,"max_rss":4665344,"data":[74768,74604,74715,74594,74581,75191,74626,74473,74605,74602,74661,74556,74766,74612,74609,74651],"involuntary_cs":108,"num_iters":1},{"name":"ExistentialTestArrayMutating_IntValueBuffer0 i1c","voluntary_cs":0,"max_rss":4665344,"data":[74878,74598,74645,74515,74514,74514,74583,74532,74519,74632,74619,74525,74438,74533,74598,74691],"involuntary_cs":109,"num_iters":1},{"name":"ExistentialTestArrayMutating_IntValueBuffer0 i1d","voluntary_cs":0,"max_rss":4665344,"data":[74649,74445,74484,74811,74536,74632,74551,74462,74617,74477,74515,74522,74525,74557,74443,74484],"involuntary_cs":102,"num_iters":1},{"name":"ExistentialTestArrayMutating_IntValueBuffer0 i1e","voluntary_cs":0,"max_rss":4665344,"data":[74742,74631,74666,74609,74649,74635,74520,74627,74417,75230,74567,74506,74486,74480,74650,74538],"involuntary_cs":121,"num_iters":1},{"name":"ExistentialTestArrayMutating_IntValueBuffer0 i1f","voluntary_cs":0,"max_rss":4665344,"data":[76149,76108,76013,75993,76097,75893,76095,76148,75796,75746,76375,75826,75956,75780,75810,75746],"involuntary_cs":106,"num_iters":1},{"name":"ExistentialTestArrayMutating_IntValueBuffer0 i2a","voluntary_cs":0,"max_rss":4673536,"data":[74536,74521,74424,74452,74540,74523,74505,74472],"involuntary_cs":107,"num_iters":2},{"name":"ExistentialTestArrayMutating_IntValueBuffer0 i2b","voluntary_cs":0,"max_rss":4694016,"data":[74631,74566,74457,74591,74583,74618,74538,74572],"involuntary_cs":104,"num_iters":2},{"name":"ExistentialTestArrayMutating_IntValueBuffer0 i2c","voluntary_cs":0,"max_rss":4673536,"data":[75071,74931,74678,74741,75345,74634,74535,75852],"involuntary_cs":113,"num_iters":2},{"name":"ExistentialTestArrayMutating_IntValueBuffer0 i2d","voluntary_cs":0,"max_rss":4673536,"data":[74664,74627,74585,74625,74598,74539,74510,74625],"involuntary_cs":109,"num_iters":2}],"type":"num_iters","name":"ExistentialTestArrayMutating_IntValueBuffer0"}