{"series":[{"name":"ExistentialTestArrayShift_IntValueBuffer1 i1a","voluntary_cs":0,"max_rss":4661248,"data":[153106,152754,152988,152675,152792,153180,153046,152967],"involuntary_cs":123,"num_iters":1},{"name":"ExistentialTestArrayShift_IntValueBuffer1 i1b","voluntary_cs":0,"max_rss":4661248,"data":[154465,152867,152970,152818,152865,153244,152822,152850],"involuntary_cs":106,"num_iters":1},{"name":"ExistentialTestArrayShift_IntValueBuffer1 i1c","voluntary_cs":0,"max_rss":4669440,"data":[153066,152927,153380,153048,152545,152627,153024,153015],"involuntary_cs":123,"num_iters":1},{"name":"ExistentialTestArrayShift_IntValueBuffer1 i1d","voluntary_cs":0,"max_rss":4661248,"data":[153294,152972,152874,152888,153277,153223,152889,152989],"involuntary_cs":107,"num_iters":1},{"name":"ExistentialTestArrayShift_IntValueBuffer1 i1e","voluntary_cs":0,"max_rss":4661248,"data":[153655,153235,153296,153686,153263,153264,153527,153499],"involuntary_cs":102,"num_iters":1},{"name":"ExistentialTestArrayShift_IntValueBuffer1 i1f","voluntary_cs":0,"max_rss":4661248,"data":[154517,154380,154461,154957,154267,154274,154293,154367],"involuntary_cs":116,"num_iters":1},{"name":"ExistentialTestArrayShift_IntValueBuffer1 i2a","voluntary_cs":0,"max_rss":4669440,"data":[154387,154340,154911,154796],"involuntary_cs":136,"num_iters":2},{"name":"ExistentialTestArrayShift_IntValueBuffer1 i2b","voluntary_cs":0,"max_rss":4673536,"data":[153193,152910,153183,152912],"involuntary_cs":105,"num_iters":2},{"name":"ExistentialTestArrayShift_IntValueBuffer1 i2c","voluntary_cs":0,"max_rss":4669440,"data":[154172,153900,153973,153799],"involuntary_cs":112,"num_iters":2},{"name":"ExistentialTestArrayShift_IntValueBuffer1 i2d","voluntary_cs":0,"max_rss":4669440,"data":[153037,152849,153044,152910],"involuntary_cs":108,"num_iters":2}],"type":"num_iters","name":"ExistentialTestArrayShift_IntValueBuffer1"}