{"series":[{"name":"ExistentialTestArrayConditionalShift_ClassValueBuffer1 i1a","voluntary_cs":0,"max_rss":4661248,"data":[319076,318812,319009,318919],"involuntary_cs":123,"num_iters":1},{"name":"ExistentialTestArrayConditionalShift_ClassValueBuffer1 i1b","voluntary_cs":0,"max_rss":4661248,"data":[319050,318793,318793,318828],"involuntary_cs":114,"num_iters":1},{"name":"ExistentialTestArrayConditionalShift_ClassValueBuffer1 i1c","voluntary_cs":2,"max_rss":4665344,"data":[319032,319515,319739,318903],"involuntary_cs":114,"num_iters":1},{"name":"ExistentialTestArrayConditionalShift_ClassValueBuffer1 i1d","voluntary_cs":0,"max_rss":4661248,"data":[319118,318833,321178,318801],"involuntary_cs":181,"num_iters":1},{"name":"ExistentialTestArrayConditionalShift_ClassValueBuffer1 i1e","voluntary_cs":0,"max_rss":4661248,"data":[319123,318825,318801,319017],"involuntary_cs":115,"num_iters":1},{"name":"ExistentialTestArrayConditionalShift_ClassValueBuffer1 i1f","voluntary_cs":0,"max_rss":4661248,"data":[318989,318951,318835,318710],"involuntary_cs":109,"num_iters":1},{"name":"ExistentialTestArrayConditionalShift_ClassValueBuffer1 i2a","voluntary_cs":0,"max_rss":4657152,"data":[319179,319149],"involuntary_cs":119,"num_iters":2},{"name":"ExistentialTestArrayConditionalShift_ClassValueBuffer1 i2b","voluntary_cs":0,"max_rss":4669440,"data":[318980,319904],"involuntary_cs":124,"num_iters":2},{"name":"ExistentialTestArrayConditionalShift_ClassValueBuffer1 i2c","voluntary_cs":0,"max_rss":4657152,"data":[318954,318846],"involuntary_cs":112,"num_iters":2},{"name":"ExistentialTestArrayConditionalShift_ClassValueBuffer1 i2d","voluntary_cs":0,"max_rss":4685824,"data":[318878,319520],"involuntary_cs":120,"num_iters":2}],"type":"num_iters","name":"ExistentialTestArrayConditionalShift_ClassValueBuffer1"}