{"series":[{"name":"ExistentialTestArrayMutating_IntValueBuffer1 i1a","voluntary_cs":0,"max_rss":4665344,"data":[75831,75808,75696,75687,75683,75722,75767,75674,76036,75696,75688,75766,75751,75795,75713,75631],"involuntary_cs":114,"num_iters":1},{"name":"ExistentialTestArrayMutating_IntValueBuffer1 i1b","voluntary_cs":0,"max_rss":4665344,"data":[76119,75939,75940,76040,75924,75897,75975,75975,75896,76038,76157,75922,75971,75929,75968,75924],"involuntary_cs":113,"num_iters":1},{"name":"ExistentialTestArrayMutating_IntValueBuffer1 i1c","voluntary_cs":0,"max_rss":4673536,"data":[77077,76834,76936,77159,77420,76877,76862,76896,76876,76914,76877,76912,76912,76806,76849,76941],"involuntary_cs":118,"num_iters":1},{"name":"ExistentialTestArrayMutating_IntValueBuffer1 i1d","voluntary_cs":0,"max_rss":4665344,"data":[76116,76716,75968,76136,75951,75908,75963,76134,75904,76039,75973,75927,75955,76105,75936,75965],"involuntary_cs":110,"num_iters":1},{"name":"ExistentialTestArrayMutating_IntValueBuffer1 i1e","voluntary_cs":0,"max_rss":4665344,"data":[76922,75984,77417,76882,76907,76809,76022,75889,76117,76879,76908,76869,76873,76895,76850,76957],"involuntary_cs":114,"num_iters":1},{"name":"ExistentialTestArrayMutating_IntValueBuffer1 i1f","voluntary_cs":0,"max_rss":4665344,"data":[75485,75465,75396,75339,75340,75344,75268,75280,75304,75422,75512,75040,75286,75306,75347,75262],"involuntary_cs":104,"num_iters":1},{"name":"ExistentialTestArrayMutating_IntValueBuffer1 i2a","voluntary_cs":0,"max_rss":4673536,"data":[76375,75991,76028,75990,75957,75892,76054,75952],"involuntary_cs":143,"num_iters":2},{"name":"ExistentialTestArrayMutating_IntValueBuffer1 i2b","voluntary_cs":0,"max_rss":4673536,"data":[76015,75920,75981,76334,75923,75960,75926,75941],"involuntary_cs":108,"num_iters":2},{"name":"ExistentialTestArrayMutating_IntValueBuffer1 i2c","voluntary_cs":0,"max_rss":4673536,"data":[76122,76015,76030,77379,75985,75934,75980,75947],"involuntary_cs":131,"num_iters":2},{"name":"ExistentialTestArrayMutating_IntValueBuffer1 i2d","voluntary_cs":1,"max_rss":4673536,"data":[76133,75927,75929,75984,75941,75942,75902,75981],"involuntary_cs":111,"num_iters":2}],"type":"num_iters","name":"ExistentialTestArrayMutating_IntValueBuffer1"}