{"series":[{"name":"ExistentialTestArrayShift_IntValueBuffer2 i1a","voluntary_cs":0,"max_rss":4677632,"data":[157471,157156,157262,157613,158076,157198,157288,157368],"involuntary_cs":121,"num_iters":1},{"name":"ExistentialTestArrayShift_IntValueBuffer2 i1b","voluntary_cs":0,"max_rss":4669440,"data":[157328,157130,158048,157110,157114,157297,157803,157184],"involuntary_cs":123,"num_iters":1},{"name":"ExistentialTestArrayShift_IntValueBuffer2 i1c","voluntary_cs":0,"max_rss":4669440,"data":[158591,158398,157065,156882,156838,158345,158224,158268],"involuntary_cs":112,"num_iters":1},{"name":"ExistentialTestArrayShift_IntValueBuffer2 i1d","voluntary_cs":0,"max_rss":4669440,"data":[157746,157647,157577,158419,157607,157467,157351,157437],"involuntary_cs":114,"num_iters":1},{"name":"ExistentialTestArrayShift_IntValueBuffer2 i1e","voluntary_cs":0,"max_rss":4669440,"data":[158492,156933,158422,157123,158244,159010,156965,158332],"involuntary_cs":116,"num_iters":1},{"name":"ExistentialTestArrayShift_IntValueBuffer2 i1f","voluntary_cs":0,"max_rss":4681728,"data":[157707,157561,157657,157691,157541,157594,157745,157678],"involuntary_cs":111,"num_iters":1},{"name":"ExistentialTestArrayShift_IntValueBuffer2 i2a","voluntary_cs":0,"max_rss":4677632,"data":[158102,158106,157198,158082],"involuntary_cs":117,"num_iters":2},{"name":"ExistentialTestArrayShift_IntValueBuffer2 i2b","voluntary_cs":0,"max_rss":4677632,"data":[158428,156951,159013,158407],"involuntary_cs":137,"num_iters":2},{"name":"ExistentialTestArrayShift_IntValueBuffer2 i2c","voluntary_cs":0,"max_rss":4677632,"data":[158343,158280,158290,157451],"involuntary_cs":110,"num_iters":2},{"name":"ExistentialTestArrayShift_IntValueBuffer2 i2d","voluntary_cs":0,"max_rss":4653056,"data":[158803,158738,158824,158742],"involuntary_cs":114,"num_iters":2}],"type":"num_iters","name":"ExistentialTestArrayShift_IntValueBuffer2"}