{"series":[{"name":"ExistentialTestTwoMethodCalls_IntValueBuffer0 i1a","voluntary_cs":0,"max_rss":4644864,"data":[69248,69306,69238,69240,69225,69240,69245,69260,69228,69388,69199,69263,69263,69238,69248,69264],"involuntary_cs":93,"num_iters":1},{"name":"ExistentialTestTwoMethodCalls_IntValueBuffer0 i1b","voluntary_cs":0,"max_rss":4632576,"data":[69266,69292,69221,69228,69279,69207,69232,69301,69233,69238,69308,69209,69200,69237,69234,69240],"involuntary_cs":103,"num_iters":1},{"name":"ExistentialTestTwoMethodCalls_IntValueBuffer0 i1c","voluntary_cs":0,"max_rss":4632576,"data":[69250,69297,69278,70006,70328,69290,69312,69247,69304,69197,69208,69198,69203,69206,69293,69232],"involuntary_cs":114,"num_iters":1},{"name":"ExistentialTestTwoMethodCalls_IntValueBuffer0 i1d","voluntary_cs":0,"max_rss":4632576,"data":[69335,69218,69239,69221,69201,69331,69254,69234,69254,69233,69238,69226,69233,69229,69458,69454],"involuntary_cs":106,"num_iters":1},{"name":"ExistentialTestTwoMethodCalls_IntValueBuffer0 i1e","voluntary_cs":0,"max_rss":4632576,"data":[69392,69285,69227,69260,69278,69491,69234,69854,69271,69249,69252,69231,69849,69171,69201,69219],"involuntary_cs":112,"num_iters":1},{"name":"ExistentialTestTwoMethodCalls_IntValueBuffer0 i1f","voluntary_cs":0,"max_rss":4636672,"data":[69325,69288,69195,69475,69191,69185,69221,69241,69233,69230,69253,69263,69202,69200,69219,69195],"involuntary_cs":95,"num_iters":1},{"name":"ExistentialTestTwoMethodCalls_IntValueBuffer0 i2a","voluntary_cs":0,"max_rss":4648960,"data":[69329,69281,69212,69240,69288,69218,69246,69267],"involuntary_cs":102,"num_iters":2},{"name":"ExistentialTestTwoMethodCalls_IntValueBuffer0 i2b","voluntary_cs":0,"max_rss":4640768,"data":[69436,69234,69232,69245,69207,69243,69258,69266],"involuntary_cs":95,"num_iters":2},{"name":"ExistentialTestTwoMethodCalls_IntValueBuffer0 i2c","voluntary_cs":0,"max_rss":4648960,"data":[69212,69233,69255,69232,69278,69237,69236,69313],"involuntary_cs":103,"num_iters":2},{"name":"ExistentialTestTwoMethodCalls_IntValueBuffer0 i2d","voluntary_cs":0,"max_rss":4640768,"data":[69264,69555,69249,69511,69232,69235,69324,69250],"involuntary_cs":104,"num_iters":2}],"type":"num_iters","name":"ExistentialTestTwoMethodCalls_IntValueBuffer0"}