{"series":[{"name":"ExistentialTestPassExistentialTwoMethodCalls_IntValueBuffer3 i1a","voluntary_cs":0,"max_rss":4644864,"data":[255126,255164,255052,254987],"involuntary_cs":91,"num_iters":1},{"name":"ExistentialTestPassExistentialTwoMethodCalls_IntValueBuffer3 i1b","voluntary_cs":0,"max_rss":4636672,"data":[255282,255474,255073,255559],"involuntary_cs":113,"num_iters":1},{"name":"ExistentialTestPassExistentialTwoMethodCalls_IntValueBuffer3 i1c","voluntary_cs":0,"max_rss":4636672,"data":[255181,255723,255073,255088],"involuntary_cs":94,"num_iters":1},{"name":"ExistentialTestPassExistentialTwoMethodCalls_IntValueBuffer3 i1d","voluntary_cs":0,"max_rss":4644864,"data":[255121,255162,254929,255025],"involuntary_cs":89,"num_iters":1},{"name":"ExistentialTestPassExistentialTwoMethodCalls_IntValueBuffer3 i1e","voluntary_cs":0,"max_rss":4636672,"data":[255060,255365,255017,255049],"involuntary_cs":92,"num_iters":1},{"name":"ExistentialTestPassExistentialTwoMethodCalls_IntValueBuffer3 i1f","voluntary_cs":0,"max_rss":4636672,"data":[255223,255102,255058,254993],"involuntary_cs":94,"num_iters":1},{"name":"ExistentialTestPassExistentialTwoMethodCalls_IntValueBuffer3 i2a","voluntary_cs":0,"max_rss":4632576,"data":[255272,255062],"involuntary_cs":95,"num_iters":2},{"name":"ExistentialTestPassExistentialTwoMethodCalls_IntValueBuffer3 i2b","voluntary_cs":0,"max_rss":4644864,"data":[255232,256231],"involuntary_cs":138,"num_iters":2},{"name":"ExistentialTestPassExistentialTwoMethodCalls_IntValueBuffer3 i2c","voluntary_cs":2,"max_rss":4644864,"data":[255335,254997],"involuntary_cs":102,"num_iters":2},{"name":"ExistentialTestPassExistentialTwoMethodCalls_IntValueBuffer3 i2d","voluntary_cs":0,"max_rss":4653056,"data":[255102,255006],"involuntary_cs":91,"num_iters":2}],"type":"num_iters","name":"ExistentialTestPassExistentialTwoMethodCalls_IntValueBuffer3"}