{"series":[{"name":"ExistentialTestMutatingAndNonMutating_ClassValueBuffer1 i1a","voluntary_cs":0,"max_rss":4636672,"data":[524392,522357],"involuntary_cs":99,"num_iters":1},{"name":"ExistentialTestMutatingAndNonMutating_ClassValueBuffer1 i1b","voluntary_cs":0,"max_rss":4624384,"data":[523328,524414],"involuntary_cs":97,"num_iters":1},{"name":"ExistentialTestMutatingAndNonMutating_ClassValueBuffer1 i1c","voluntary_cs":0,"max_rss":4644864,"data":[523123,523622],"involuntary_cs":104,"num_iters":1},{"name":"ExistentialTestMutatingAndNonMutating_ClassValueBuffer1 i1d","voluntary_cs":0,"max_rss":4636672,"data":[523088,523823],"involuntary_cs":99,"num_iters":1},{"name":"ExistentialTestMutatingAndNonMutating_ClassValueBuffer1 i1e","voluntary_cs":0,"max_rss":4636672,"data":[523672,523986],"involuntary_cs":93,"num_iters":1},{"name":"ExistentialTestMutatingAndNonMutating_ClassValueBuffer1 i1f","voluntary_cs":0,"max_rss":4636672,"data":[525608,523766],"involuntary_cs":127,"num_iters":1},{"name":"ExistentialTestMutatingAndNonMutating_ClassValueBuffer1 i1g","voluntary_cs":0,"max_rss":4636672,"data":[522458,523184],"involuntary_cs":97,"num_iters":1},{"name":"ExistentialTestMutatingAndNonMutating_ClassValueBuffer1 i1h","voluntary_cs":0,"max_rss":4644864,"data":[524045,523528],"involuntary_cs":98,"num_iters":1},{"name":"ExistentialTestMutatingAndNonMutating_ClassValueBuffer1 i1i","voluntary_cs":0,"max_rss":4624384,"data":[523787,523055],"involuntary_cs":105,"num_iters":1},{"name":"ExistentialTestMutatingAndNonMutating_ClassValueBuffer1 i1j","voluntary_cs":0,"max_rss":4640768,"data":[523852,558383],"involuntary_cs":260,"num_iters":1}],"type":"num_iters","name":"ExistentialTestMutatingAndNonMutating_ClassValueBuffer1"}