{"series":[{"name":"ExistentialTestArrayTwoMethodCalls_IntValueBuffer4 i1a","voluntary_cs":0,"max_rss":4681728,"data":[71372,71231,71359,71253,71306,71397,71240,71205,71210,71302,71318,71384,71379,71246,71283,71550],"involuntary_cs":115,"num_iters":1},{"name":"ExistentialTestArrayTwoMethodCalls_IntValueBuffer4 i1b","voluntary_cs":0,"max_rss":4681728,"data":[71805,72153,72727,72048,71938,72033,72082,71546,71657,71657,72146,71566,71606,71675,71693,72027],"involuntary_cs":99,"num_iters":1},{"name":"ExistentialTestArrayTwoMethodCalls_IntValueBuffer4 i1c","voluntary_cs":0,"max_rss":4681728,"data":[71798,71498,71583,71584,71251,71224,71217,72003,71557,71550,71574,71295,71284,71334,71183,71241],"involuntary_cs":99,"num_iters":1},{"name":"ExistentialTestArrayTwoMethodCalls_IntValueBuffer4 i1d","voluntary_cs":0,"max_rss":4681728,"data":[71702,72232,72028,72039,72091,71608,72026,72023,72026,72106,71523,71486,71583,71542,71607,72024],"involuntary_cs":104,"num_iters":1},{"name":"ExistentialTestArrayTwoMethodCalls_IntValueBuffer4 i1e","voluntary_cs":0,"max_rss":4681728,"data":[71384,72215,72122,72166,72256,72102,72141,72125,72151,71276,72638,72338,71190,71305,71225,72176],"involuntary_cs":117,"num_iters":1},{"name":"ExistentialTestArrayTwoMethodCalls_IntValueBuffer4 i1f","voluntary_cs":0,"max_rss":4681728,"data":[71642,71450,71471,71692,71850,71803,71832,71846,71418,71423,71523,71908,72106,71903,71467,71440],"involuntary_cs":105,"num_iters":1},{"name":"ExistentialTestArrayTwoMethodCalls_IntValueBuffer4 i2a","voluntary_cs":0,"max_rss":4689920,"data":[71746,71618,71633,71632,71615,71655,71606,72145],"involuntary_cs":104,"num_iters":2},{"name":"ExistentialTestArrayTwoMethodCalls_IntValueBuffer4 i2b","voluntary_cs":0,"max_rss":4689920,"data":[73126,72627,71531,71300,72707,71266,71312,72654],"involuntary_cs":115,"num_iters":2},{"name":"ExistentialTestArrayTwoMethodCalls_IntValueBuffer4 i2c","voluntary_cs":0,"max_rss":4689920,"data":[71729,71633,71670,72091,71974,72003,71690,71647],"involuntary_cs":109,"num_iters":2},{"name":"ExistentialTestArrayTwoMethodCalls_IntValueBuffer4 i2d","voluntary_cs":0,"max_rss":4689920,"data":[71588,71290,71374,71504,71453,71492,71429,71505],"involuntary_cs":101,"num_iters":2}],"type":"num_iters","name":"ExistentialTestArrayTwoMethodCalls_IntValueBuffer4"}