{"series":[{"name":"ExistentialTestMutatingAndNonMutating_IntValueBuffer2 i1a","voluntary_cs":0,"max_rss":4644864,"data":[120878,120883,120406,120713,120686,120612,120606,121349],"involuntary_cs":88,"num_iters":1},{"name":"ExistentialTestMutatingAndNonMutating_IntValueBuffer2 i1b","voluntary_cs":0,"max_rss":4644864,"data":[120990,120646,120712,120827,120860,120933,120838,120650],"involuntary_cs":82,"num_iters":1},{"name":"ExistentialTestMutatingAndNonMutating_IntValueBuffer2 i1c","voluntary_cs":0,"max_rss":4644864,"data":[120892,120635,120851,120544,120663,120444,121014,120453],"involuntary_cs":85,"num_iters":1},{"name":"ExistentialTestMutatingAndNonMutating_IntValueBuffer2 i1d","voluntary_cs":0,"max_rss":4653056,"data":[120588,120512,120730,120696,120817,120679,120390,120659],"involuntary_cs":86,"num_iters":1},{"name":"ExistentialTestMutatingAndNonMutating_IntValueBuffer2 i1e","voluntary_cs":0,"max_rss":4657152,"data":[120606,120751,120505,120622,120548,120581,120963,120676],"involuntary_cs":92,"num_iters":1},{"name":"ExistentialTestMutatingAndNonMutating_IntValueBuffer2 i1f","voluntary_cs":0,"max_rss":4677632,"data":[120648,121425,120492,120689,120784,120719,120616,120667],"involuntary_cs":95,"num_iters":1},{"name":"ExistentialTestMutatingAndNonMutating_IntValueBuffer2 i2a","voluntary_cs":0,"max_rss":4653056,"data":[120901,120782,120752,120600],"involuntary_cs":97,"num_iters":2},{"name":"ExistentialTestMutatingAndNonMutating_IntValueBuffer2 i2b","voluntary_cs":0,"max_rss":4661248,"data":[120546,120516,120723,120590],"involuntary_cs":86,"num_iters":2},{"name":"ExistentialTestMutatingAndNonMutating_IntValueBuffer2 i2c","voluntary_cs":0,"max_rss":4653056,"data":[120362,120462,120674,120424],"involuntary_cs":93,"num_iters":2},{"name":"ExistentialTestMutatingAndNonMutating_IntValueBuffer2 i2d","voluntary_cs":0,"max_rss":4673536,"data":[120650,120635,120703,120734],"involuntary_cs":85,"num_iters":2}],"type":"num_iters","name":"ExistentialTestMutatingAndNonMutating_IntValueBuffer2"}