{"series":[{"name":"ExistentialTestPassExistentialOneMethodCall_ClassValueBuffer3 i1a","voluntary_cs":0,"max_rss":4636672,"data":[2519100,2516433],"involuntary_cs":459,"num_iters":1},{"name":"ExistentialTestPassExistentialOneMethodCall_ClassValueBuffer3 i1b","voluntary_cs":0,"max_rss":4636672,"data":[2516026,2595169],"involuntary_cs":458,"num_iters":1},{"name":"ExistentialTestPassExistentialOneMethodCall_ClassValueBuffer3 i1c","voluntary_cs":0,"max_rss":4636672,"data":[2515934,2608338],"involuntary_cs":474,"num_iters":1},{"name":"ExistentialTestPassExistentialOneMethodCall_ClassValueBuffer3 i1d","voluntary_cs":0,"max_rss":4636672,"data":[2516216,2566906],"involuntary_cs":446,"num_iters":1},{"name":"ExistentialTestPassExistentialOneMethodCall_ClassValueBuffer3 i1e","voluntary_cs":0,"max_rss":4636672,"data":[2521213,2522044],"involuntary_cs":460,"num_iters":1},{"name":"ExistentialTestPassExistentialOneMethodCall_ClassValueBuffer3 i1f","voluntary_cs":0,"max_rss":4636672,"data":[2515060,2567917],"involuntary_cs":495,"num_iters":1},{"name":"ExistentialTestPassExistentialOneMethodCall_ClassValueBuffer3 i1g","voluntary_cs":0,"max_rss":4624384,"data":[2516040,2517058],"involuntary_cs":461,"num_iters":1},{"name":"ExistentialTestPassExistentialOneMethodCall_ClassValueBuffer3 i1h","voluntary_cs":0,"max_rss":4648960,"data":[2515971,2516046],"involuntary_cs":436,"num_iters":1},{"name":"ExistentialTestPassExistentialOneMethodCall_ClassValueBuffer3 i1i","voluntary_cs":0,"max_rss":4640768,"data":[2521807,2522141],"involuntary_cs":474,"num_iters":1},{"name":"ExistentialTestPassExistentialOneMethodCall_ClassValueBuffer3 i1j","voluntary_cs":0,"max_rss":4636672,"data":[2516532,2607096],"involuntary_cs":468,"num_iters":1}],"type":"num_iters","name":"ExistentialTestPassExistentialOneMethodCall_ClassValueBuffer3"}