{"series":[{"name":"HashQuadratic i1a","voluntary_cs":0,"max_rss":207507456,"data":[35841321,35636314],"involuntary_cs":6292,"num_iters":1},{"name":"HashQuadratic i1b","voluntary_cs":1,"max_rss":207659008,"data":[35819053,35597830],"involuntary_cs":6341,"num_iters":1},{"name":"HashQuadratic i1c","voluntary_cs":1,"max_rss":207654912,"data":[35809840,35603373],"involuntary_cs":6152,"num_iters":1},{"name":"HashQuadratic i1d","voluntary_cs":0,"max_rss":207507456,"data":[35835952,35617141],"involuntary_cs":6203,"num_iters":1},{"name":"HashQuadratic i1e","voluntary_cs":1,"max_rss":207654912,"data":[35825896,35605644],"involuntary_cs":6295,"num_iters":1},{"name":"HashQuadratic i1f","voluntary_cs":0,"max_rss":207654912,"data":[35823302,35620565],"involuntary_cs":6172,"num_iters":1},{"name":"HashQuadratic i1g","voluntary_cs":0,"max_rss":207654912,"data":[35822536,35611029],"involuntary_cs":6108,"num_iters":1},{"name":"HashQuadratic i1h","voluntary_cs":0,"max_rss":207659008,"data":[35827713,35610017],"involuntary_cs":6207,"num_iters":1},{"name":"HashQuadratic i1i","voluntary_cs":0,"max_rss":207654912,"data":[35816477,35600796],"involuntary_cs":6197,"num_iters":1},{"name":"HashQuadratic i1j","voluntary_cs":2,"max_rss":207654912,"data":[35815208,35605390],"involuntary_cs":6184,"num_iters":1}],"type":"num_iters","name":"HashQuadratic"}