{"series":[{"name":"MonteCarloPi i1a","voluntary_cs":0,"max_rss":4644864,"data":[122897,122779,122881,122794,122800,122866,122824,122769],"involuntary_cs":92,"num_iters":1},{"name":"MonteCarloPi i1b","voluntary_cs":0,"max_rss":4624384,"data":[123022,122781,122855,122782,122821,122858,122746,122769],"involuntary_cs":90,"num_iters":1},{"name":"MonteCarloPi i1c","voluntary_cs":0,"max_rss":4636672,"data":[122868,122823,122794,122789,122849,123681,122842,122749],"involuntary_cs":89,"num_iters":1},{"name":"MonteCarloPi i1d","voluntary_cs":0,"max_rss":4624384,"data":[122836,122797,122803,122784,122850,122939,122759,122742],"involuntary_cs":93,"num_iters":1},{"name":"MonteCarloPi i1e","voluntary_cs":0,"max_rss":4624384,"data":[122882,122901,122899,123377,122802,122771,122841,122780],"involuntary_cs":91,"num_iters":1},{"name":"MonteCarloPi i1f","voluntary_cs":0,"max_rss":4624384,"data":[122876,122879,122835,122822,122759,122786,123000,122745],"involuntary_cs":93,"num_iters":1},{"name":"MonteCarloPi i2a","voluntary_cs":0,"max_rss":4640768,"data":[122839,122814,122824,122792],"involuntary_cs":90,"num_iters":2},{"name":"MonteCarloPi i2b","voluntary_cs":0,"max_rss":4632576,"data":[124340,122782,122783,122789],"involuntary_cs":201,"num_iters":2},{"name":"MonteCarloPi i2c","voluntary_cs":0,"max_rss":4632576,"data":[123139,122788,122764,122844],"involuntary_cs":95,"num_iters":2},{"name":"MonteCarloPi i2d","voluntary_cs":0,"max_rss":4632576,"data":[122809,122764,122781,123128],"involuntary_cs":94,"num_iters":2}],"type":"num_iters","name":"MonteCarloPi"}