{"series":[{"name":"ObjectiveCBridgeToNSSet i1a","voluntary_cs":0,"max_rss":4718592,"data":[183250,183223,182850,183719],"involuntary_cs":49,"num_iters":1},{"name":"ObjectiveCBridgeToNSSet i1b","voluntary_cs":0,"max_rss":4718592,"data":[184525,182029,182553,182542],"involuntary_cs":57,"num_iters":1},{"name":"ObjectiveCBridgeToNSSet i1c","voluntary_cs":0,"max_rss":4718592,"data":[186147,185094,185282,185526],"involuntary_cs":56,"num_iters":1},{"name":"ObjectiveCBridgeToNSSet i1d","voluntary_cs":0,"max_rss":4718592,"data":[179601,180355,180499,180318],"involuntary_cs":65,"num_iters":1},{"name":"ObjectiveCBridgeToNSSet i1e","voluntary_cs":0,"max_rss":4718592,"data":[182622,183043,184431,183373],"involuntary_cs":59,"num_iters":1},{"name":"ObjectiveCBridgeToNSSet i1f","voluntary_cs":2,"max_rss":4718592,"data":[184367,183378,183237,182920],"involuntary_cs":58,"num_iters":1},{"name":"ObjectiveCBridgeToNSSet i2a","voluntary_cs":0,"max_rss":4726784,"data":[182033,181966],"involuntary_cs":60,"num_iters":2},{"name":"ObjectiveCBridgeToNSSet i2b","voluntary_cs":1,"max_rss":4726784,"data":[183791,184348],"involuntary_cs":62,"num_iters":2},{"name":"ObjectiveCBridgeToNSSet i2c","voluntary_cs":0,"max_rss":4726784,"data":[182458,182219],"involuntary_cs":58,"num_iters":2},{"name":"ObjectiveCBridgeToNSSet i2d","voluntary_cs":0,"max_rss":4734976,"data":[182690,255126],"involuntary_cs":483,"num_iters":2}],"type":"num_iters","name":"ObjectiveCBridgeToNSSet"}