{"series":[{"name":"ObjectiveCBridgeFromNSArrayAnyObjectToString i1a","voluntary_cs":0,"max_rss":4726784,"data":[149910,151686,150730,150838,150642,151910,152599,151996],"involuntary_cs":108,"num_iters":1},{"name":"ObjectiveCBridgeFromNSArrayAnyObjectToString i1b","voluntary_cs":0,"max_rss":4718592,"data":[151487,151742,152489,151628,152693,152354,152267,151689],"involuntary_cs":124,"num_iters":1},{"name":"ObjectiveCBridgeFromNSArrayAnyObjectToString i1c","voluntary_cs":0,"max_rss":4726784,"data":[138493,140290,139258,140273,140577,140638,139397,139018],"involuntary_cs":89,"num_iters":1},{"name":"ObjectiveCBridgeFromNSArrayAnyObjectToString i1d","voluntary_cs":0,"max_rss":4718592,"data":[139004,140721,141668,140971,140205,139882,140321,142862],"involuntary_cs":100,"num_iters":1},{"name":"ObjectiveCBridgeFromNSArrayAnyObjectToString i1e","voluntary_cs":0,"max_rss":4718592,"data":[137705,138357,137707,137199,138264,138351,138659,138117],"involuntary_cs":96,"num_iters":1},{"name":"ObjectiveCBridgeFromNSArrayAnyObjectToString i1f","voluntary_cs":0,"max_rss":4718592,"data":[139857,143580,143591,143129,141600,142033,142533,141502],"involuntary_cs":140,"num_iters":1},{"name":"ObjectiveCBridgeFromNSArrayAnyObjectToString i2a","voluntary_cs":0,"max_rss":4726784,"data":[147296,145338,143914,143974],"involuntary_cs":109,"num_iters":2},{"name":"ObjectiveCBridgeFromNSArrayAnyObjectToString i2b","voluntary_cs":0,"max_rss":4726784,"data":[138295,138114,138449,138547],"involuntary_cs":94,"num_iters":2},{"name":"ObjectiveCBridgeFromNSArrayAnyObjectToString i2c","voluntary_cs":0,"max_rss":4726784,"data":[146651,146114,145373,145907],"involuntary_cs":102,"num_iters":2},{"name":"ObjectiveCBridgeFromNSArrayAnyObjectToString i2d","voluntary_cs":0,"max_rss":4726784,"data":[136422,137885,136257,136334],"involuntary_cs":133,"num_iters":2}],"type":"num_iters","name":"ObjectiveCBridgeFromNSArrayAnyObjectToString"}