{"series":[{"name":"ObjectiveCBridgeStubFromArrayOfNSString i1a","voluntary_cs":0,"max_rss":6320128,"data":[183069,106044,106166,106726,106664,105737,106719,106364],"involuntary_cs":118,"num_iters":1},{"name":"ObjectiveCBridgeStubFromArrayOfNSString i1b","voluntary_cs":0,"max_rss":6328320,"data":[170679,94420,94664,95633,95726,95611,95291,94987],"involuntary_cs":121,"num_iters":1},{"name":"ObjectiveCBridgeStubFromArrayOfNSString i1c","voluntary_cs":0,"max_rss":6316032,"data":[168006,92240,92171,92213,92071,92279,92286,92905],"involuntary_cs":119,"num_iters":1},{"name":"ObjectiveCBridgeStubFromArrayOfNSString i1d","voluntary_cs":0,"max_rss":6303744,"data":[168249,92627,92058,92567,91391,92673,91738,91555],"involuntary_cs":122,"num_iters":1},{"name":"ObjectiveCBridgeStubFromArrayOfNSString i1e","voluntary_cs":0,"max_rss":6311936,"data":[171675,93262,94447,93353,92931,94632,93499,94140],"involuntary_cs":141,"num_iters":1},{"name":"ObjectiveCBridgeStubFromArrayOfNSString i1f","voluntary_cs":0,"max_rss":6295552,"data":[171794,96815,94899,96594,96701,96623,96070,96709],"involuntary_cs":124,"num_iters":1},{"name":"ObjectiveCBridgeStubFromArrayOfNSString i2a","voluntary_cs":0,"max_rss":6336512,"data":[132623,95627,96100,96189],"involuntary_cs":133,"num_iters":2},{"name":"ObjectiveCBridgeStubFromArrayOfNSString i2b","voluntary_cs":0,"max_rss":6332416,"data":[135680,94141,95213,94992],"involuntary_cs":227,"num_iters":2},{"name":"ObjectiveCBridgeStubFromArrayOfNSString i2c","voluntary_cs":0,"max_rss":6311936,"data":[184881,93079,93217,93016],"involuntary_cs":116,"num_iters":2},{"name":"ObjectiveCBridgeStubFromArrayOfNSString i2d","voluntary_cs":0,"max_rss":6307840,"data":[131419,93437,93430,93624],"involuntary_cs":132,"num_iters":2}],"type":"num_iters","name":"ObjectiveCBridgeStubFromArrayOfNSString"}