{"series":[{"name":"ObjectiveCBridgeToNSArray i1a","voluntary_cs":2,"max_rss":4730880,"data":[107754,107729,107852,108431,107648,107924,107612,107800],"involuntary_cs":83,"num_iters":1},{"name":"ObjectiveCBridgeToNSArray i1b","voluntary_cs":0,"max_rss":4722688,"data":[108973,107843,108489,108299,109260,109846,108741,108247],"involuntary_cs":85,"num_iters":1},{"name":"ObjectiveCBridgeToNSArray i1c","voluntary_cs":0,"max_rss":4722688,"data":[108880,108546,108923,109885,108670,108138,108172,108535],"involuntary_cs":75,"num_iters":1},{"name":"ObjectiveCBridgeToNSArray i1d","voluntary_cs":2,"max_rss":4722688,"data":[110827,110922,110679,110309,110497,111086,110899,110391],"involuntary_cs":94,"num_iters":1},{"name":"ObjectiveCBridgeToNSArray i1e","voluntary_cs":0,"max_rss":4730880,"data":[109043,108997,109722,109115,108717,109944,108312,108236],"involuntary_cs":75,"num_iters":1},{"name":"ObjectiveCBridgeToNSArray i1f","voluntary_cs":0,"max_rss":4722688,"data":[107690,107016,107576,107084,107382,107509,107047,107496],"involuntary_cs":74,"num_iters":1},{"name":"ObjectiveCBridgeToNSArray i2a","voluntary_cs":0,"max_rss":4730880,"data":[107970,108498,109087,109505],"involuntary_cs":81,"num_iters":2},{"name":"ObjectiveCBridgeToNSArray i2b","voluntary_cs":0,"max_rss":4730880,"data":[108534,109303,109936,109937],"involuntary_cs":82,"num_iters":2},{"name":"ObjectiveCBridgeToNSArray i2c","voluntary_cs":1,"max_rss":4730880,"data":[109059,109697,109655,108796],"involuntary_cs":82,"num_iters":2},{"name":"ObjectiveCBridgeToNSArray i2d","voluntary_cs":0,"max_rss":4730880,"data":[107678,108673,108039,108648],"involuntary_cs":82,"num_iters":2}],"type":"num_iters","name":"ObjectiveCBridgeToNSArray"}