{"series":[{"name":"ObjectiveCBridgeStubURLAppendPathRef i1a","voluntary_cs":0,"max_rss":4710400,"data":[1043605,1032226],"involuntary_cs":158,"num_iters":1},{"name":"ObjectiveCBridgeStubURLAppendPathRef i1b","voluntary_cs":0,"max_rss":4714496,"data":[1056659,1050993],"involuntary_cs":158,"num_iters":1},{"name":"ObjectiveCBridgeStubURLAppendPathRef i1c","voluntary_cs":0,"max_rss":4714496,"data":[1042835,1056196],"involuntary_cs":159,"num_iters":1},{"name":"ObjectiveCBridgeStubURLAppendPathRef i1d","voluntary_cs":0,"max_rss":4714496,"data":[1016570,999390],"involuntary_cs":162,"num_iters":1},{"name":"ObjectiveCBridgeStubURLAppendPathRef i1e","voluntary_cs":0,"max_rss":4714496,"data":[1052849,1057795],"involuntary_cs":158,"num_iters":1},{"name":"ObjectiveCBridgeStubURLAppendPathRef i1f","voluntary_cs":0,"max_rss":4714496,"data":[1009353,992504],"involuntary_cs":147,"num_iters":1},{"name":"ObjectiveCBridgeStubURLAppendPathRef i1g","voluntary_cs":1,"max_rss":4714496,"data":[1045156,1025579],"involuntary_cs":155,"num_iters":1},{"name":"ObjectiveCBridgeStubURLAppendPathRef i1h","voluntary_cs":0,"max_rss":4714496,"data":[1012487,1006045],"involuntary_cs":153,"num_iters":1},{"name":"ObjectiveCBridgeStubURLAppendPathRef i1i","voluntary_cs":0,"max_rss":4714496,"data":[1028876,1024931],"involuntary_cs":156,"num_iters":1},{"name":"ObjectiveCBridgeStubURLAppendPathRef i1j","voluntary_cs":0,"max_rss":4714496,"data":[1051110,1050575],"involuntary_cs":142,"num_iters":1}],"type":"num_iters","name":"ObjectiveCBridgeStubURLAppendPathRef"}