{"series":[{"name":"ObjectiveCBridgeFromNSDictionaryAnyObjectToString i1a","voluntary_cs":0,"max_rss":4812800,"data":[405331,404664],"involuntary_cs":73,"num_iters":1},{"name":"ObjectiveCBridgeFromNSDictionaryAnyObjectToString i1b","voluntary_cs":0,"max_rss":4812800,"data":[398780,399205],"involuntary_cs":65,"num_iters":1},{"name":"ObjectiveCBridgeFromNSDictionaryAnyObjectToString i1c","voluntary_cs":0,"max_rss":4812800,"data":[400249,400537],"involuntary_cs":63,"num_iters":1},{"name":"ObjectiveCBridgeFromNSDictionaryAnyObjectToString i1d","voluntary_cs":0,"max_rss":4812800,"data":[395121,393499],"involuntary_cs":68,"num_iters":1},{"name":"ObjectiveCBridgeFromNSDictionaryAnyObjectToString i1e","voluntary_cs":0,"max_rss":4812800,"data":[389420,387351],"involuntary_cs":65,"num_iters":1},{"name":"ObjectiveCBridgeFromNSDictionaryAnyObjectToString i1f","voluntary_cs":0,"max_rss":4812800,"data":[406530,400383],"involuntary_cs":72,"num_iters":1},{"name":"ObjectiveCBridgeFromNSDictionaryAnyObjectToString i1g","voluntary_cs":0,"max_rss":4812800,"data":[383027,383814],"involuntary_cs":63,"num_iters":1},{"name":"ObjectiveCBridgeFromNSDictionaryAnyObjectToString i1h","voluntary_cs":1,"max_rss":4812800,"data":[395286,393746],"involuntary_cs":59,"num_iters":1},{"name":"ObjectiveCBridgeFromNSDictionaryAnyObjectToString i1i","voluntary_cs":0,"max_rss":4812800,"data":[379589,377405],"involuntary_cs":57,"num_iters":1},{"name":"ObjectiveCBridgeFromNSDictionaryAnyObjectToString i1j","voluntary_cs":0,"max_rss":4812800,"data":[393882,394093],"involuntary_cs":79,"num_iters":1}],"type":"num_iters","name":"ObjectiveCBridgeFromNSDictionaryAnyObjectToString"}