{"series":[{"name":"ObjectiveCBridgeFromNSDictionaryAnyObjectToStringForced i1a","voluntary_cs":0,"max_rss":4800512,"data":[421484,420514],"involuntary_cs":72,"num_iters":1},{"name":"ObjectiveCBridgeFromNSDictionaryAnyObjectToStringForced i1b","voluntary_cs":1,"max_rss":4800512,"data":[416083,416723],"involuntary_cs":66,"num_iters":1},{"name":"ObjectiveCBridgeFromNSDictionaryAnyObjectToStringForced i1c","voluntary_cs":0,"max_rss":4800512,"data":[412208,419091],"involuntary_cs":69,"num_iters":1},{"name":"ObjectiveCBridgeFromNSDictionaryAnyObjectToStringForced i1d","voluntary_cs":0,"max_rss":4800512,"data":[411376,411983],"involuntary_cs":73,"num_iters":1},{"name":"ObjectiveCBridgeFromNSDictionaryAnyObjectToStringForced i1e","voluntary_cs":0,"max_rss":4800512,"data":[431254,431086],"involuntary_cs":76,"num_iters":1},{"name":"ObjectiveCBridgeFromNSDictionaryAnyObjectToStringForced i1f","voluntary_cs":0,"max_rss":4800512,"data":[427911,427412],"involuntary_cs":69,"num_iters":1},{"name":"ObjectiveCBridgeFromNSDictionaryAnyObjectToStringForced i1g","voluntary_cs":0,"max_rss":4800512,"data":[429683,429871],"involuntary_cs":81,"num_iters":1},{"name":"ObjectiveCBridgeFromNSDictionaryAnyObjectToStringForced i1h","voluntary_cs":0,"max_rss":4800512,"data":[415590,416602],"involuntary_cs":66,"num_iters":1},{"name":"ObjectiveCBridgeFromNSDictionaryAnyObjectToStringForced i1i","voluntary_cs":0,"max_rss":4800512,"data":[424164,426246],"involuntary_cs":72,"num_iters":1},{"name":"ObjectiveCBridgeFromNSDictionaryAnyObjectToStringForced i1j","voluntary_cs":0,"max_rss":4800512,"data":[416416,419668],"involuntary_cs":67,"num_iters":1}],"type":"num_iters","name":"ObjectiveCBridgeFromNSDictionaryAnyObjectToStringForced"}