{"series":[{"name":"ObjectiveCBridgeFromNSArrayAnyObject i1a","voluntary_cs":0,"max_rss":4722688,"data":[87400,87014,86199,87047,86452,87146,86960,86619],"involuntary_cs":58,"num_iters":1},{"name":"ObjectiveCBridgeFromNSArrayAnyObject i1b","voluntary_cs":0,"max_rss":4722688,"data":[91764,92310,91109,92737,92140,91552,93036,92277],"involuntary_cs":81,"num_iters":1},{"name":"ObjectiveCBridgeFromNSArrayAnyObject i1c","voluntary_cs":0,"max_rss":4722688,"data":[87664,87614,87717,88360,87413,87791,88109,87425],"involuntary_cs":65,"num_iters":1},{"name":"ObjectiveCBridgeFromNSArrayAnyObject i1d","voluntary_cs":1,"max_rss":4722688,"data":[89567,89658,89163,89760,89808,89565,89469,89385],"involuntary_cs":61,"num_iters":1},{"name":"ObjectiveCBridgeFromNSArrayAnyObject i1e","voluntary_cs":0,"max_rss":4722688,"data":[88788,88793,89009,87837,89318,89111,88949,89241],"involuntary_cs":62,"num_iters":1},{"name":"ObjectiveCBridgeFromNSArrayAnyObject i1f","voluntary_cs":0,"max_rss":4722688,"data":[91530,92151,112932,93756,95256,113991,110534,92159],"involuntary_cs":78,"num_iters":1},{"name":"ObjectiveCBridgeFromNSArrayAnyObject i2a","voluntary_cs":0,"max_rss":4739072,"data":[87938,88013,88092,87512],"involuntary_cs":63,"num_iters":2},{"name":"ObjectiveCBridgeFromNSArrayAnyObject i2b","voluntary_cs":0,"max_rss":4730880,"data":[88540,88613,88859,88705],"involuntary_cs":59,"num_iters":2},{"name":"ObjectiveCBridgeFromNSArrayAnyObject i2c","voluntary_cs":0,"max_rss":4730880,"data":[87751,87787,87484,87484],"involuntary_cs":64,"num_iters":2},{"name":"ObjectiveCBridgeFromNSArrayAnyObject i2d","voluntary_cs":0,"max_rss":4730880,"data":[88567,88871,88835,88730],"involuntary_cs":67,"num_iters":2}],"type":"num_iters","name":"ObjectiveCBridgeFromNSArrayAnyObject"}