{"series":[{"name":"ObjectiveCBridgeFromNSSetAnyObjectToString i1a","voluntary_cs":0,"max_rss":4796416,"data":[297425,297554,297220,296787],"involuntary_cs":100,"num_iters":1},{"name":"ObjectiveCBridgeFromNSSetAnyObjectToString i1b","voluntary_cs":0,"max_rss":4796416,"data":[314006,312626,312121,312770],"involuntary_cs":124,"num_iters":1},{"name":"ObjectiveCBridgeFromNSSetAnyObjectToString i1c","voluntary_cs":0,"max_rss":4796416,"data":[298897,298930,298644,298361],"involuntary_cs":95,"num_iters":1},{"name":"ObjectiveCBridgeFromNSSetAnyObjectToString i1d","voluntary_cs":0,"max_rss":4800512,"data":[295020,293141,294533,294006],"involuntary_cs":102,"num_iters":1},{"name":"ObjectiveCBridgeFromNSSetAnyObjectToString i1e","voluntary_cs":0,"max_rss":4796416,"data":[296659,304490,306217,301990],"involuntary_cs":124,"num_iters":1},{"name":"ObjectiveCBridgeFromNSSetAnyObjectToString i1f","voluntary_cs":0,"max_rss":4808704,"data":[301188,304303,300914,298022],"involuntary_cs":208,"num_iters":1},{"name":"ObjectiveCBridgeFromNSSetAnyObjectToString i2a","voluntary_cs":0,"max_rss":4804608,"data":[297258,297857],"involuntary_cs":96,"num_iters":2},{"name":"ObjectiveCBridgeFromNSSetAnyObjectToString i2b","voluntary_cs":0,"max_rss":4804608,"data":[288370,288510],"involuntary_cs":107,"num_iters":2},{"name":"ObjectiveCBridgeFromNSSetAnyObjectToString i2c","voluntary_cs":0,"max_rss":4804608,"data":[289115,289290],"involuntary_cs":94,"num_iters":2},{"name":"ObjectiveCBridgeFromNSSetAnyObjectToString i2d","voluntary_cs":0,"max_rss":4804608,"data":[290065,289188],"involuntary_cs":107,"num_iters":2}],"type":"num_iters","name":"ObjectiveCBridgeFromNSSetAnyObjectToString"}