{"series":[{"name":"ObjectiveCBridgeToNSDictionary i1a","voluntary_cs":1,"max_rss":4747264,"data":[229335,228305,227443,227780],"involuntary_cs":73,"num_iters":1},{"name":"ObjectiveCBridgeToNSDictionary i1b","voluntary_cs":0,"max_rss":4747264,"data":[231532,231259,231194,231800],"involuntary_cs":68,"num_iters":1},{"name":"ObjectiveCBridgeToNSDictionary i1c","voluntary_cs":0,"max_rss":4747264,"data":[242679,242497,242084,241511],"involuntary_cs":76,"num_iters":1},{"name":"ObjectiveCBridgeToNSDictionary i1d","voluntary_cs":0,"max_rss":4747264,"data":[235998,235118,234785,234865],"involuntary_cs":77,"num_iters":1},{"name":"ObjectiveCBridgeToNSDictionary i1e","voluntary_cs":0,"max_rss":4747264,"data":[231851,231048,230898,231380],"involuntary_cs":72,"num_iters":1},{"name":"ObjectiveCBridgeToNSDictionary i1f","voluntary_cs":0,"max_rss":4747264,"data":[234376,234214,233459,232131],"involuntary_cs":106,"num_iters":1},{"name":"ObjectiveCBridgeToNSDictionary i2a","voluntary_cs":0,"max_rss":4755456,"data":[232441,231819],"involuntary_cs":76,"num_iters":2},{"name":"ObjectiveCBridgeToNSDictionary i2b","voluntary_cs":0,"max_rss":4755456,"data":[232863,231807],"involuntary_cs":84,"num_iters":2},{"name":"ObjectiveCBridgeToNSDictionary i2c","voluntary_cs":0,"max_rss":4763648,"data":[234526,235207],"involuntary_cs":116,"num_iters":2},{"name":"ObjectiveCBridgeToNSDictionary i2d","voluntary_cs":0,"max_rss":4751360,"data":[232733,232795],"involuntary_cs":86,"num_iters":2}],"type":"num_iters","name":"ObjectiveCBridgeToNSDictionary"}