{"series":[{"name":"ObjectiveCBridgeFromNSSetAnyObject i1a","voluntary_cs":0,"max_rss":4788224,"data":[273407,273059,273250,273555],"involuntary_cs":89,"num_iters":1},{"name":"ObjectiveCBridgeFromNSSetAnyObject i1b","voluntary_cs":0,"max_rss":4788224,"data":[275048,275516,275486,275488],"involuntary_cs":101,"num_iters":1},{"name":"ObjectiveCBridgeFromNSSetAnyObject i1c","voluntary_cs":0,"max_rss":4788224,"data":[272414,273148,274153,276140],"involuntary_cs":102,"num_iters":1},{"name":"ObjectiveCBridgeFromNSSetAnyObject i1d","voluntary_cs":0,"max_rss":4788224,"data":[274886,273411,272888,273575],"involuntary_cs":93,"num_iters":1},{"name":"ObjectiveCBridgeFromNSSetAnyObject i1e","voluntary_cs":0,"max_rss":4812800,"data":[277528,277231,276424,276032],"involuntary_cs":95,"num_iters":1},{"name":"ObjectiveCBridgeFromNSSetAnyObject i1f","voluntary_cs":0,"max_rss":4788224,"data":[270834,270508,271410,270613],"involuntary_cs":88,"num_iters":1},{"name":"ObjectiveCBridgeFromNSSetAnyObject i2a","voluntary_cs":1,"max_rss":4796416,"data":[275909,275454],"involuntary_cs":97,"num_iters":2},{"name":"ObjectiveCBridgeFromNSSetAnyObject i2b","voluntary_cs":0,"max_rss":4796416,"data":[275797,275885],"involuntary_cs":100,"num_iters":2},{"name":"ObjectiveCBridgeFromNSSetAnyObject i2c","voluntary_cs":0,"max_rss":4796416,"data":[270907,270583],"involuntary_cs":82,"num_iters":2},{"name":"ObjectiveCBridgeFromNSSetAnyObject i2d","voluntary_cs":0,"max_rss":4796416,"data":[271431,272089],"involuntary_cs":105,"num_iters":2}],"type":"num_iters","name":"ObjectiveCBridgeFromNSSetAnyObject"}