{"series":[{"name":"ObjectiveCBridgeFromNSSetAnyObjectToStringForced i1a","voluntary_cs":0,"max_rss":4788224,"data":[278735,278493,276747,277043],"involuntary_cs":90,"num_iters":1},{"name":"ObjectiveCBridgeFromNSSetAnyObjectToStringForced i1b","voluntary_cs":0,"max_rss":4788224,"data":[280926,281040,280808,281061],"involuntary_cs":95,"num_iters":1},{"name":"ObjectiveCBridgeFromNSSetAnyObjectToStringForced i1c","voluntary_cs":0,"max_rss":4788224,"data":[282151,282510,280055,282788],"involuntary_cs":92,"num_iters":1},{"name":"ObjectiveCBridgeFromNSSetAnyObjectToStringForced i1d","voluntary_cs":0,"max_rss":4796416,"data":[279851,279643,276357,276989],"involuntary_cs":109,"num_iters":1},{"name":"ObjectiveCBridgeFromNSSetAnyObjectToStringForced i1e","voluntary_cs":0,"max_rss":4788224,"data":[277187,278181,280153,277687],"involuntary_cs":107,"num_iters":1},{"name":"ObjectiveCBridgeFromNSSetAnyObjectToStringForced i1f","voluntary_cs":0,"max_rss":4788224,"data":[278923,279520,280003,280323],"involuntary_cs":90,"num_iters":1},{"name":"ObjectiveCBridgeFromNSSetAnyObjectToStringForced i2a","voluntary_cs":0,"max_rss":4796416,"data":[285428,285115],"involuntary_cs":93,"num_iters":2},{"name":"ObjectiveCBridgeFromNSSetAnyObjectToStringForced i2b","voluntary_cs":0,"max_rss":4796416,"data":[291152,291432],"involuntary_cs":99,"num_iters":2},{"name":"ObjectiveCBridgeFromNSSetAnyObjectToStringForced i2c","voluntary_cs":0,"max_rss":4796416,"data":[279986,278775],"involuntary_cs":91,"num_iters":2},{"name":"ObjectiveCBridgeFromNSSetAnyObjectToStringForced i2d","voluntary_cs":0,"max_rss":4796416,"data":[289522,289805],"involuntary_cs":104,"num_iters":2}],"type":"num_iters","name":"ObjectiveCBridgeFromNSSetAnyObjectToStringForced"}