{"series":[{"name":"ObjectiveCBridgeFromNSDictionaryAnyObject i1a","voluntary_cs":0,"max_rss":4825088,"data":[539004,540599],"involuntary_cs":92,"num_iters":1},{"name":"ObjectiveCBridgeFromNSDictionaryAnyObject i1b","voluntary_cs":0,"max_rss":4825088,"data":[539053,539336],"involuntary_cs":88,"num_iters":1},{"name":"ObjectiveCBridgeFromNSDictionaryAnyObject i1c","voluntary_cs":0,"max_rss":4825088,"data":[539706,543274],"involuntary_cs":92,"num_iters":1},{"name":"ObjectiveCBridgeFromNSDictionaryAnyObject i1d","voluntary_cs":0,"max_rss":4825088,"data":[555992,556328],"involuntary_cs":81,"num_iters":1},{"name":"ObjectiveCBridgeFromNSDictionaryAnyObject i1e","voluntary_cs":0,"max_rss":4825088,"data":[539894,543709],"involuntary_cs":86,"num_iters":1},{"name":"ObjectiveCBridgeFromNSDictionaryAnyObject i1f","voluntary_cs":0,"max_rss":4825088,"data":[539751,541111],"involuntary_cs":91,"num_iters":1},{"name":"ObjectiveCBridgeFromNSDictionaryAnyObject i1g","voluntary_cs":0,"max_rss":4825088,"data":[547101,546461],"involuntary_cs":86,"num_iters":1},{"name":"ObjectiveCBridgeFromNSDictionaryAnyObject i1h","voluntary_cs":0,"max_rss":4825088,"data":[550425,546635],"involuntary_cs":92,"num_iters":1},{"name":"ObjectiveCBridgeFromNSDictionaryAnyObject i1i","voluntary_cs":1,"max_rss":4825088,"data":[539514,542665],"involuntary_cs":94,"num_iters":1},{"name":"ObjectiveCBridgeFromNSDictionaryAnyObject i1j","voluntary_cs":0,"max_rss":4825088,"data":[545219,543653],"involuntary_cs":84,"num_iters":1}],"type":"num_iters","name":"ObjectiveCBridgeFromNSDictionaryAnyObject"}