{"series":[{"name":"ObjectiveCBridgeStubToArrayOfNSString i1a","voluntary_cs":0,"max_rss":6328320,"data":[184615,108226,109791,108831,107630,107050,109968,106797],"involuntary_cs":134,"num_iters":1},{"name":"ObjectiveCBridgeStubToArrayOfNSString i1b","voluntary_cs":0,"max_rss":6328320,"data":[186050,112190,111512,110736,112761,111646,112340,110966],"involuntary_cs":134,"num_iters":1},{"name":"ObjectiveCBridgeStubToArrayOfNSString i1c","voluntary_cs":0,"max_rss":6336512,"data":[183471,110368,108432,109028,109330,108844,108830,109020],"involuntary_cs":138,"num_iters":1},{"name":"ObjectiveCBridgeStubToArrayOfNSString i1d","voluntary_cs":0,"max_rss":6340608,"data":[186742,108279,109216,109919,110496,110088,110444,110033],"involuntary_cs":134,"num_iters":1},{"name":"ObjectiveCBridgeStubToArrayOfNSString i1e","voluntary_cs":0,"max_rss":6324224,"data":[184782,108203,107777,107772,108186,109148,108138,108164],"involuntary_cs":143,"num_iters":1},{"name":"ObjectiveCBridgeStubToArrayOfNSString i1f","voluntary_cs":0,"max_rss":6299648,"data":[184321,107010,104192,111139,108579,106806,104874,104964],"involuntary_cs":147,"num_iters":1},{"name":"ObjectiveCBridgeStubToArrayOfNSString i2a","voluntary_cs":0,"max_rss":6328320,"data":[147090,109412,109445,109584],"involuntary_cs":128,"num_iters":2},{"name":"ObjectiveCBridgeStubToArrayOfNSString i2b","voluntary_cs":0,"max_rss":6320128,"data":[145975,109769,108519,109114],"involuntary_cs":142,"num_iters":2},{"name":"ObjectiveCBridgeStubToArrayOfNSString i2c","voluntary_cs":0,"max_rss":6324224,"data":[148262,110429,110171,110061],"involuntary_cs":133,"num_iters":2},{"name":"ObjectiveCBridgeStubToArrayOfNSString i2d","voluntary_cs":0,"max_rss":6324224,"data":[148875,111349,109229,109727],"involuntary_cs":172,"num_iters":2}],"type":"num_iters","name":"ObjectiveCBridgeStubToArrayOfNSString"}