{"series":[{"name":"ObjectiveCBridgeFromNSArrayAnyObjectToStringForced i1a","voluntary_cs":0,"max_rss":4726784,"data":[139534,139480,138124,140314,139366,138119,139057,140130],"involuntary_cs":116,"num_iters":1},{"name":"ObjectiveCBridgeFromNSArrayAnyObjectToStringForced i1b","voluntary_cs":0,"max_rss":4734976,"data":[138107,138089,137691,137920,138643,138847,138960,137935],"involuntary_cs":105,"num_iters":1},{"name":"ObjectiveCBridgeFromNSArrayAnyObjectToStringForced i1c","voluntary_cs":0,"max_rss":4726784,"data":[134340,134830,135175,135307,135791,135472,136537,135365],"involuntary_cs":93,"num_iters":1},{"name":"ObjectiveCBridgeFromNSArrayAnyObjectToStringForced i1d","voluntary_cs":0,"max_rss":4726784,"data":[144259,143992,144891,145350,144586,144773,144848,144836],"involuntary_cs":90,"num_iters":1},{"name":"ObjectiveCBridgeFromNSArrayAnyObjectToStringForced i1e","voluntary_cs":0,"max_rss":4726784,"data":[136995,139719,137490,137606,137126,136929,136781,138021],"involuntary_cs":117,"num_iters":1},{"name":"ObjectiveCBridgeFromNSArrayAnyObjectToStringForced i1f","voluntary_cs":0,"max_rss":4726784,"data":[136641,135958,137028,137262,136391,136363,137178,136918],"involuntary_cs":87,"num_iters":1},{"name":"ObjectiveCBridgeFromNSArrayAnyObjectToStringForced i2a","voluntary_cs":0,"max_rss":4734976,"data":[134225,134625,135348,135044],"involuntary_cs":91,"num_iters":2},{"name":"ObjectiveCBridgeFromNSArrayAnyObjectToStringForced i2b","voluntary_cs":0,"max_rss":4734976,"data":[137144,138061,138138,138538],"involuntary_cs":108,"num_iters":2},{"name":"ObjectiveCBridgeFromNSArrayAnyObjectToStringForced i2c","voluntary_cs":2,"max_rss":4734976,"data":[136177,136073,136244,136440],"involuntary_cs":92,"num_iters":2},{"name":"ObjectiveCBridgeFromNSArrayAnyObjectToStringForced i2d","voluntary_cs":0,"max_rss":4734976,"data":[151566,150188,150270,149900],"involuntary_cs":145,"num_iters":2}],"type":"num_iters","name":"ObjectiveCBridgeFromNSArrayAnyObjectToStringForced"}