{"series":[{"name":"ObjectiveCBridgeStubURLAppendPath i1a","voluntary_cs":0,"max_rss":4718592,"data":[1042393,1047574],"involuntary_cs":147,"num_iters":1},{"name":"ObjectiveCBridgeStubURLAppendPath i1b","voluntary_cs":0,"max_rss":4718592,"data":[1033642,1020599],"involuntary_cs":196,"num_iters":1},{"name":"ObjectiveCBridgeStubURLAppendPath i1c","voluntary_cs":0,"max_rss":4722688,"data":[1043899,1031109],"involuntary_cs":161,"num_iters":1},{"name":"ObjectiveCBridgeStubURLAppendPath i1d","voluntary_cs":0,"max_rss":4722688,"data":[1051014,1052529],"involuntary_cs":155,"num_iters":1},{"name":"ObjectiveCBridgeStubURLAppendPath i1e","voluntary_cs":0,"max_rss":4718592,"data":[1072008,1057099],"involuntary_cs":156,"num_iters":1},{"name":"ObjectiveCBridgeStubURLAppendPath i1f","voluntary_cs":0,"max_rss":4722688,"data":[1037938,1051091],"involuntary_cs":191,"num_iters":1},{"name":"ObjectiveCBridgeStubURLAppendPath i1g","voluntary_cs":0,"max_rss":4718592,"data":[1071461,1057651],"involuntary_cs":161,"num_iters":1},{"name":"ObjectiveCBridgeStubURLAppendPath i1h","voluntary_cs":0,"max_rss":4722688,"data":[1037732,1030173],"involuntary_cs":153,"num_iters":1},{"name":"ObjectiveCBridgeStubURLAppendPath i1i","voluntary_cs":0,"max_rss":4718592,"data":[1034699,1010057],"involuntary_cs":173,"num_iters":1},{"name":"ObjectiveCBridgeStubURLAppendPath i1j","voluntary_cs":0,"max_rss":4722688,"data":[1052995,1050465],"involuntary_cs":157,"num_iters":1}],"type":"num_iters","name":"ObjectiveCBridgeStubURLAppendPath"}