{"series":[{"name":"PrefixAnyCollectionLazy i1a","voluntary_cs":0,"max_rss":4796416,"data":[331381,331027,330844,337759],"involuntary_cs":115,"num_iters":1},{"name":"PrefixAnyCollectionLazy i1b","voluntary_cs":0,"max_rss":4796416,"data":[327531,326649,333383,327441],"involuntary_cs":116,"num_iters":1},{"name":"PrefixAnyCollectionLazy i1c","voluntary_cs":0,"max_rss":4829184,"data":[327143,329755,326679,327767],"involuntary_cs":122,"num_iters":1},{"name":"PrefixAnyCollectionLazy i1d","voluntary_cs":0,"max_rss":4796416,"data":[326206,324983,325190,330725],"involuntary_cs":110,"num_iters":1},{"name":"PrefixAnyCollectionLazy i1e","voluntary_cs":0,"max_rss":4792320,"data":[330466,328663,329648,328847],"involuntary_cs":118,"num_iters":1},{"name":"PrefixAnyCollectionLazy i1f","voluntary_cs":0,"max_rss":4792320,"data":[321683,321734,319622,318453],"involuntary_cs":121,"num_iters":1},{"name":"PrefixAnyCollectionLazy i2a","voluntary_cs":0,"max_rss":4804608,"data":[324852,324431],"involuntary_cs":113,"num_iters":2},{"name":"PrefixAnyCollectionLazy i2b","voluntary_cs":0,"max_rss":4804608,"data":[329104,327986],"involuntary_cs":132,"num_iters":2},{"name":"PrefixAnyCollectionLazy i2c","voluntary_cs":0,"max_rss":4800512,"data":[322834,323960],"involuntary_cs":113,"num_iters":2},{"name":"PrefixAnyCollectionLazy i2d","voluntary_cs":0,"max_rss":4804608,"data":[322329,325899],"involuntary_cs":121,"num_iters":2}],"type":"num_iters","name":"PrefixAnyCollectionLazy"}