{"series":[{"name":"ReversedBidirectional i1a","voluntary_cs":0,"max_rss":4694016,"data":[120975,120628,120089,120822,121435,121306,120737,120674],"involuntary_cs":90,"num_iters":1},{"name":"ReversedBidirectional i1b","voluntary_cs":0,"max_rss":4730880,"data":[123269,125106,122899,121098,120767,122675,121872,122965],"involuntary_cs":102,"num_iters":1},{"name":"ReversedBidirectional i1c","voluntary_cs":0,"max_rss":4694016,"data":[123082,121495,121332,120755,122039,120571,122958,123672],"involuntary_cs":89,"num_iters":1},{"name":"ReversedBidirectional i1d","voluntary_cs":0,"max_rss":4694016,"data":[120663,120409,121376,119997,119902,120263,120517,120272],"involuntary_cs":83,"num_iters":1},{"name":"ReversedBidirectional i1e","voluntary_cs":0,"max_rss":4694016,"data":[121609,121521,120228,120902,121219,123138,124702,123649],"involuntary_cs":96,"num_iters":1},{"name":"ReversedBidirectional i1f","voluntary_cs":0,"max_rss":4694016,"data":[121426,120815,120628,120139,122230,120309,122717,123206],"involuntary_cs":91,"num_iters":1},{"name":"ReversedBidirectional i2a","voluntary_cs":1,"max_rss":4726784,"data":[121399,121094,121056,121264],"involuntary_cs":86,"num_iters":2},{"name":"ReversedBidirectional i2b","voluntary_cs":0,"max_rss":4702208,"data":[120284,119904,120742,120813],"involuntary_cs":90,"num_iters":2},{"name":"ReversedBidirectional i2c","voluntary_cs":0,"max_rss":4706304,"data":[120956,120420,120156,120730],"involuntary_cs":98,"num_iters":2},{"name":"ReversedBidirectional i2d","voluntary_cs":0,"max_rss":4698112,"data":[123463,120276,121374,120803],"involuntary_cs":90,"num_iters":2}],"type":"num_iters","name":"ReversedBidirectional"}