{"series":[{"name":"RGBHistogramOfObjects i1a","voluntary_cs":0,"max_rss":4706304,"data":[112420,112374,115256,111896,111926,111966,111996,112173],"involuntary_cs":115,"num_iters":1},{"name":"RGBHistogramOfObjects i1b","voluntary_cs":0,"max_rss":4706304,"data":[111781,111407,111462,112139,112445,111482,111351,111851],"involuntary_cs":91,"num_iters":1},{"name":"RGBHistogramOfObjects i1c","voluntary_cs":0,"max_rss":4706304,"data":[111829,111281,111437,111340,111378,111294,111291,111317],"involuntary_cs":84,"num_iters":1},{"name":"RGBHistogramOfObjects i1d","voluntary_cs":0,"max_rss":4706304,"data":[111895,111734,111467,111607,111861,111477,111618,111533],"involuntary_cs":74,"num_iters":1},{"name":"RGBHistogramOfObjects i1e","voluntary_cs":0,"max_rss":4706304,"data":[111873,111365,111374,111469,111516,111536,111501,111507],"involuntary_cs":77,"num_iters":1},{"name":"RGBHistogramOfObjects i1f","voluntary_cs":0,"max_rss":4706304,"data":[112146,111640,112259,111621,111649,111588,111697,116432],"involuntary_cs":94,"num_iters":1},{"name":"RGBHistogramOfObjects i2a","voluntary_cs":0,"max_rss":4714496,"data":[116946,114139,113483,114223],"involuntary_cs":96,"num_iters":2},{"name":"RGBHistogramOfObjects i2b","voluntary_cs":0,"max_rss":4714496,"data":[118414,112805,112406,111589],"involuntary_cs":95,"num_iters":2},{"name":"RGBHistogramOfObjects i2c","voluntary_cs":0,"max_rss":4718592,"data":[111762,111455,111476,111511],"involuntary_cs":74,"num_iters":2},{"name":"RGBHistogramOfObjects i2d","voluntary_cs":0,"max_rss":4714496,"data":[111734,111384,111602,111484],"involuntary_cs":90,"num_iters":2}],"type":"num_iters","name":"RGBHistogramOfObjects"}