{"series":[{"name":"StackPromo i1a","voluntary_cs":0,"max_rss":4628480,"data":[117363,117370,117446,117521,117306,118053,117487,117365],"involuntary_cs":88,"num_iters":1},{"name":"StackPromo i1b","voluntary_cs":0,"max_rss":4628480,"data":[117093,117165,116876,116787,116767,117061,117408,117310],"involuntary_cs":82,"num_iters":1},{"name":"StackPromo i1c","voluntary_cs":0,"max_rss":4628480,"data":[116994,116795,116865,116742,116769,116843,116749,117430],"involuntary_cs":88,"num_iters":1},{"name":"StackPromo i1d","voluntary_cs":0,"max_rss":4636672,"data":[117689,117420,117494,117341,117379,117347,117377,117548],"involuntary_cs":90,"num_iters":1},{"name":"StackPromo i1e","voluntary_cs":0,"max_rss":4632576,"data":[117543,117198,117253,117191,117274,117265,117209,117234],"involuntary_cs":95,"num_iters":1},{"name":"StackPromo i1f","voluntary_cs":0,"max_rss":4628480,"data":[116852,118615,116894,118521,118550,118622,117184,119267],"involuntary_cs":80,"num_iters":1},{"name":"StackPromo i2a","voluntary_cs":0,"max_rss":4636672,"data":[118512,118614,119857,118477],"involuntary_cs":86,"num_iters":2},{"name":"StackPromo i2b","voluntary_cs":0,"max_rss":4636672,"data":[117347,117115,117143,117309],"involuntary_cs":84,"num_iters":2},{"name":"StackPromo i2c","voluntary_cs":0,"max_rss":4661248,"data":[117109,117418,117176,117379],"involuntary_cs":92,"num_iters":2},{"name":"StackPromo i2d","voluntary_cs":0,"max_rss":4636672,"data":[116652,119179,119568,117667],"involuntary_cs":98,"num_iters":2}],"type":"num_iters","name":"StackPromo"}