{"series":[{"name":"StringHasSuffixUnicode i1a","voluntary_cs":0,"max_rss":4640768,"data":[185151,183770,184618,185068],"involuntary_cs":66,"num_iters":1},{"name":"StringHasSuffixUnicode i1b","voluntary_cs":0,"max_rss":4640768,"data":[185718,185375,186540,185339],"involuntary_cs":67,"num_iters":1},{"name":"StringHasSuffixUnicode i1c","voluntary_cs":0,"max_rss":4653056,"data":[184672,184342,184300,185818],"involuntary_cs":62,"num_iters":1},{"name":"StringHasSuffixUnicode i1d","voluntary_cs":0,"max_rss":4628480,"data":[185712,184711,183841,183880],"involuntary_cs":66,"num_iters":1},{"name":"StringHasSuffixUnicode i1e","voluntary_cs":0,"max_rss":4640768,"data":[185865,184659,184955,185568],"involuntary_cs":68,"num_iters":1},{"name":"StringHasSuffixUnicode i1f","voluntary_cs":0,"max_rss":4640768,"data":[185185,185002,185385,183403],"involuntary_cs":69,"num_iters":1},{"name":"StringHasSuffixUnicode i2a","voluntary_cs":0,"max_rss":4653056,"data":[185250,185616],"involuntary_cs":64,"num_iters":2},{"name":"StringHasSuffixUnicode i2b","voluntary_cs":0,"max_rss":4653056,"data":[186304,184518],"involuntary_cs":74,"num_iters":2},{"name":"StringHasSuffixUnicode i2c","voluntary_cs":0,"max_rss":4636672,"data":[185754,184854],"involuntary_cs":69,"num_iters":2},{"name":"StringHasSuffixUnicode i2d","voluntary_cs":0,"max_rss":4636672,"data":[183844,184690],"involuntary_cs":71,"num_iters":2}],"type":"num_iters","name":"StringHasSuffixUnicode"}