{"series":[{"name":"StringWalk_tweet_unicodeScalars_Backwards i1a","voluntary_cs":0,"max_rss":4632576,"data":[65655,65484,65440,65566,65474,65433,65520,65556,65517,65485,66547,65960,65447,65529,65445,65431],"involuntary_cs":105,"num_iters":1},{"name":"StringWalk_tweet_unicodeScalars_Backwards i1b","voluntary_cs":0,"max_rss":4620288,"data":[65549,65537,65632,65438,65474,65475,65464,65516,65501,65468,65436,65503,65487,65480,65434,65471],"involuntary_cs":99,"num_iters":1},{"name":"StringWalk_tweet_unicodeScalars_Backwards i1c","voluntary_cs":0,"max_rss":4632576,"data":[65615,65452,65478,65475,65536,65600,65558,65489,65467,65495,65465,65473,65998,65442,65484,65483],"involuntary_cs":110,"num_iters":1},{"name":"StringWalk_tweet_unicodeScalars_Backwards i1d","voluntary_cs":0,"max_rss":4632576,"data":[65497,65517,65452,65467,65472,65464,65579,65475,65497,65433,65409,65438,65439,65411,65454,65431],"involuntary_cs":95,"num_iters":1},{"name":"StringWalk_tweet_unicodeScalars_Backwards i1e","voluntary_cs":0,"max_rss":4644864,"data":[65528,65435,65478,65486,65436,65574,66014,65438,65536,65475,65474,65437,65496,65499,65438,65567],"involuntary_cs":96,"num_iters":1},{"name":"StringWalk_tweet_unicodeScalars_Backwards i1f","voluntary_cs":0,"max_rss":4632576,"data":[68354,68189,68178,68285,68190,68216,68223,68170,68180,68165,68181,68133,68142,68128,68221,68189],"involuntary_cs":102,"num_iters":1},{"name":"StringWalk_tweet_unicodeScalars_Backwards i2a","voluntary_cs":0,"max_rss":4640768,"data":[68265,68340,68167,68139,68171,68148,68175,68170],"involuntary_cs":102,"num_iters":2},{"name":"StringWalk_tweet_unicodeScalars_Backwards i2b","voluntary_cs":0,"max_rss":4640768,"data":[65524,65465,65473,65489,65471,65754,65472,65452],"involuntary_cs":98,"num_iters":2},{"name":"StringWalk_tweet_unicodeScalars_Backwards i2c","voluntary_cs":0,"max_rss":4661248,"data":[65627,65478,65501,65469,65452,65517,65489,65629],"involuntary_cs":102,"num_iters":2},{"name":"StringWalk_tweet_unicodeScalars_Backwards i2d","voluntary_cs":0,"max_rss":4640768,"data":[65584,65397,65734,65431,65484,65452,65546,65450],"involuntary_cs":101,"num_iters":2}],"type":"num_iters","name":"StringWalk_tweet_unicodeScalars_Backwards"}