{"series":[{"name":"StringEdits i1a","voluntary_cs":0,"max_rss":5058560,"data":[784104,783689],"involuntary_cs":127,"num_iters":1},{"name":"StringEdits i1b","voluntary_cs":0,"max_rss":5079040,"data":[801902,800747],"involuntary_cs":132,"num_iters":1},{"name":"StringEdits i1c","voluntary_cs":1,"max_rss":5099520,"data":[775085,778406],"involuntary_cs":145,"num_iters":1},{"name":"StringEdits i1d","voluntary_cs":0,"max_rss":5054464,"data":[788704,787257],"involuntary_cs":127,"num_iters":1},{"name":"StringEdits i1e","voluntary_cs":0,"max_rss":5070848,"data":[784913,782304],"involuntary_cs":130,"num_iters":1},{"name":"StringEdits i1f","voluntary_cs":0,"max_rss":5091328,"data":[785266,783540],"involuntary_cs":125,"num_iters":1},{"name":"StringEdits i1g","voluntary_cs":1,"max_rss":5091328,"data":[788467,786924],"involuntary_cs":124,"num_iters":1},{"name":"StringEdits i1h","voluntary_cs":0,"max_rss":5079040,"data":[768222,767290],"involuntary_cs":129,"num_iters":1},{"name":"StringEdits i1i","voluntary_cs":0,"max_rss":5074944,"data":[775373,775892],"involuntary_cs":128,"num_iters":1},{"name":"StringEdits i1j","voluntary_cs":0,"max_rss":5058560,"data":[779012,777297],"involuntary_cs":116,"num_iters":1}],"type":"num_iters","name":"StringEdits"}