{"series":[{"name":"StringWalk_utf16_unicodeScalars_Backwards i1a","voluntary_cs":0,"max_rss":4804608,"data":[186833,186140,185996,185988],"involuntary_cs":67,"num_iters":1},{"name":"StringWalk_utf16_unicodeScalars_Backwards i1b","voluntary_cs":0,"max_rss":4816896,"data":[186812,186106,186081,186353],"involuntary_cs":72,"num_iters":1},{"name":"StringWalk_utf16_unicodeScalars_Backwards i1c","voluntary_cs":0,"max_rss":4804608,"data":[189983,185993,186021,186020],"involuntary_cs":67,"num_iters":1},{"name":"StringWalk_utf16_unicodeScalars_Backwards i1d","voluntary_cs":0,"max_rss":4804608,"data":[186685,186089,185982,186143],"involuntary_cs":75,"num_iters":1},{"name":"StringWalk_utf16_unicodeScalars_Backwards i1e","voluntary_cs":0,"max_rss":4804608,"data":[187320,186050,185986,186003],"involuntary_cs":75,"num_iters":1},{"name":"StringWalk_utf16_unicodeScalars_Backwards i1f","voluntary_cs":0,"max_rss":4808704,"data":[186831,186022,185993,186111],"involuntary_cs":64,"num_iters":1},{"name":"StringWalk_utf16_unicodeScalars_Backwards i2a","voluntary_cs":0,"max_rss":4800512,"data":[186771,186040],"involuntary_cs":76,"num_iters":2},{"name":"StringWalk_utf16_unicodeScalars_Backwards i2b","voluntary_cs":0,"max_rss":4812800,"data":[186385,185955],"involuntary_cs":67,"num_iters":2},{"name":"StringWalk_utf16_unicodeScalars_Backwards i2c","voluntary_cs":0,"max_rss":4812800,"data":[186431,186182],"involuntary_cs":76,"num_iters":2},{"name":"StringWalk_utf16_unicodeScalars_Backwards i2d","voluntary_cs":0,"max_rss":4812800,"data":[186336,186021],"involuntary_cs":72,"num_iters":2}],"type":"num_iters","name":"StringWalk_utf16_unicodeScalars_Backwards"}