{"series":[{"name":"StringWalk_utf16_characters_Backwards i1a","voluntary_cs":0,"max_rss":4812800,"data":[120936,120321,120521,119973,120631,120253,121368,120701],"involuntary_cs":87,"num_iters":1},{"name":"StringWalk_utf16_characters_Backwards i1b","voluntary_cs":0,"max_rss":4812800,"data":[118707,117915,117505,116970,116868,117192,117743,117336],"involuntary_cs":93,"num_iters":1},{"name":"StringWalk_utf16_characters_Backwards i1c","voluntary_cs":0,"max_rss":4812800,"data":[117932,118582,116854,116460,116383,117334,118050,117400],"involuntary_cs":85,"num_iters":1},{"name":"StringWalk_utf16_characters_Backwards i1d","voluntary_cs":0,"max_rss":4812800,"data":[117952,117087,117751,117875,116813,117030,117617,118129],"involuntary_cs":82,"num_iters":1},{"name":"StringWalk_utf16_characters_Backwards i1e","voluntary_cs":0,"max_rss":4812800,"data":[119964,119499,119920,118899,119613,119175,119174,119293],"involuntary_cs":84,"num_iters":1},{"name":"StringWalk_utf16_characters_Backwards i1f","voluntary_cs":0,"max_rss":4812800,"data":[121569,119705,120516,120147,120515,120758,120019,120872],"involuntary_cs":86,"num_iters":1},{"name":"StringWalk_utf16_characters_Backwards i2a","voluntary_cs":0,"max_rss":4825088,"data":[120407,120278,120265,120139],"involuntary_cs":84,"num_iters":2},{"name":"StringWalk_utf16_characters_Backwards i2b","voluntary_cs":0,"max_rss":4820992,"data":[118412,117856,118195,117961],"involuntary_cs":91,"num_iters":2},{"name":"StringWalk_utf16_characters_Backwards i2c","voluntary_cs":0,"max_rss":4820992,"data":[120032,119063,119186,118951],"involuntary_cs":100,"num_iters":2},{"name":"StringWalk_utf16_characters_Backwards i2d","voluntary_cs":0,"max_rss":4820992,"data":[117065,116970,117407,117134],"involuntary_cs":90,"num_iters":2}],"type":"num_iters","name":"StringWalk_utf16_characters_Backwards"}