{"series":[{"name":"StringWithCString i1a","voluntary_cs":0,"max_rss":24113152,"data":[829986,811413],"involuntary_cs":152,"num_iters":1},{"name":"StringWithCString i1b","voluntary_cs":0,"max_rss":24145920,"data":[818496,799025],"involuntary_cs":155,"num_iters":1},{"name":"StringWithCString i1c","voluntary_cs":0,"max_rss":23998464,"data":[817538,797599],"involuntary_cs":139,"num_iters":1},{"name":"StringWithCString i1d","voluntary_cs":0,"max_rss":24207360,"data":[809006,813081],"involuntary_cs":146,"num_iters":1},{"name":"StringWithCString i1e","voluntary_cs":0,"max_rss":24211456,"data":[818702,799290],"involuntary_cs":149,"num_iters":1},{"name":"StringWithCString i1f","voluntary_cs":0,"max_rss":23998464,"data":[818743,799575],"involuntary_cs":163,"num_iters":1},{"name":"StringWithCString i1g","voluntary_cs":0,"max_rss":23998464,"data":[818243,805196],"involuntary_cs":142,"num_iters":1},{"name":"StringWithCString i1h","voluntary_cs":0,"max_rss":24207360,"data":[818712,799459],"involuntary_cs":143,"num_iters":1},{"name":"StringWithCString i1i","voluntary_cs":0,"max_rss":24211456,"data":[818151,795270],"involuntary_cs":143,"num_iters":1},{"name":"StringWithCString i1j","voluntary_cs":0,"max_rss":24006656,"data":[815930,797722],"involuntary_cs":157,"num_iters":1}],"type":"num_iters","name":"StringWithCString"}