{"series":[{"name":"StringWalk_utf16_characters i1a","voluntary_cs":0,"max_rss":4804608,"data":[142811,154688,157097,128313,128294,128196,128470,128259],"involuntary_cs":403,"num_iters":1},{"name":"StringWalk_utf16_characters i1b","voluntary_cs":0,"max_rss":4804608,"data":[128304,128152,127412,127868,128032,127797,127758,127564],"involuntary_cs":91,"num_iters":1},{"name":"StringWalk_utf16_characters i1c","voluntary_cs":0,"max_rss":4804608,"data":[131589,131520,130921,131788,131163,131320,131269,131217],"involuntary_cs":90,"num_iters":1},{"name":"StringWalk_utf16_characters i1d","voluntary_cs":0,"max_rss":4812800,"data":[133052,132623,132205,132500,133228,132606,132201,133208],"involuntary_cs":106,"num_iters":1},{"name":"StringWalk_utf16_characters i1e","voluntary_cs":0,"max_rss":4804608,"data":[129267,128812,128578,128806,128729,128551,128693,128922],"involuntary_cs":95,"num_iters":1},{"name":"StringWalk_utf16_characters i1f","voluntary_cs":0,"max_rss":4804608,"data":[127588,126899,127254,126781,126523,126446,126539,126455],"involuntary_cs":113,"num_iters":1},{"name":"StringWalk_utf16_characters i2a","voluntary_cs":0,"max_rss":4812800,"data":[126120,125187,125326,125556],"involuntary_cs":90,"num_iters":2},{"name":"StringWalk_utf16_characters i2b","voluntary_cs":1,"max_rss":4812800,"data":[126205,126222,125996,125930],"involuntary_cs":83,"num_iters":2},{"name":"StringWalk_utf16_characters i2c","voluntary_cs":0,"max_rss":4812800,"data":[126702,126423,126083,126891],"involuntary_cs":94,"num_iters":2},{"name":"StringWalk_utf16_characters i2d","voluntary_cs":0,"max_rss":4812800,"data":[126195,125942,125679,125957],"involuntary_cs":89,"num_iters":2}],"type":"num_iters","name":"StringWalk_utf16_characters"}