{"series":[{"name":"SuffixAnyCollectionLazy i1a","voluntary_cs":0,"max_rss":4820992,"data":[111713,111656,110344,108611,113299,111840,108079,111303],"involuntary_cs":172,"num_iters":1},{"name":"SuffixAnyCollectionLazy i1b","voluntary_cs":0,"max_rss":4820992,"data":[110056,109493,113660,114766,109509,113759,113381,111669],"involuntary_cs":87,"num_iters":1},{"name":"SuffixAnyCollectionLazy i1c","voluntary_cs":0,"max_rss":4820992,"data":[109283,109155,108822,109145,108512,108747,108899,109842],"involuntary_cs":82,"num_iters":1},{"name":"SuffixAnyCollectionLazy i1d","voluntary_cs":0,"max_rss":4820992,"data":[111088,114105,111451,113449,110327,111676,111216,110531],"involuntary_cs":78,"num_iters":1},{"name":"SuffixAnyCollectionLazy i1e","voluntary_cs":0,"max_rss":4820992,"data":[110193,113195,110078,109737,109658,113025,109588,110965],"involuntary_cs":77,"num_iters":1},{"name":"SuffixAnyCollectionLazy i1f","voluntary_cs":0,"max_rss":4820992,"data":[108886,108530,112659,113077,108154,108785,108460,110531],"involuntary_cs":79,"num_iters":1},{"name":"SuffixAnyCollectionLazy i2a","voluntary_cs":2,"max_rss":4833280,"data":[111871,110780,111427,111382],"involuntary_cs":82,"num_iters":2},{"name":"SuffixAnyCollectionLazy i2b","voluntary_cs":0,"max_rss":4829184,"data":[107178,109582,106961,106695],"involuntary_cs":76,"num_iters":2},{"name":"SuffixAnyCollectionLazy i2c","voluntary_cs":0,"max_rss":4829184,"data":[109443,110917,109644,109963],"involuntary_cs":79,"num_iters":2},{"name":"SuffixAnyCollectionLazy i2d","voluntary_cs":0,"max_rss":4829184,"data":[111443,110741,111171,111538],"involuntary_cs":91,"num_iters":2}],"type":"num_iters","name":"SuffixAnyCollectionLazy"}