{"series":[{"name":"SuperChars i1a","voluntary_cs":2,"max_rss":4640768,"data":[662346,669420],"involuntary_cs":112,"num_iters":1},{"name":"SuperChars i1b","voluntary_cs":0,"max_rss":4640768,"data":[671975,672485],"involuntary_cs":118,"num_iters":1},{"name":"SuperChars i1c","voluntary_cs":0,"max_rss":4640768,"data":[701479,706701],"involuntary_cs":159,"num_iters":1},{"name":"SuperChars i1d","voluntary_cs":0,"max_rss":4640768,"data":[664592,670677],"involuntary_cs":148,"num_iters":1},{"name":"SuperChars i1e","voluntary_cs":0,"max_rss":4640768,"data":[653681,664981],"involuntary_cs":129,"num_iters":1},{"name":"SuperChars i1f","voluntary_cs":0,"max_rss":4640768,"data":[646652,649412],"involuntary_cs":113,"num_iters":1},{"name":"SuperChars i1g","voluntary_cs":0,"max_rss":4640768,"data":[674878,676187],"involuntary_cs":125,"num_iters":1},{"name":"SuperChars i1h","voluntary_cs":0,"max_rss":4640768,"data":[634600,635183],"involuntary_cs":116,"num_iters":1},{"name":"SuperChars i1i","voluntary_cs":0,"max_rss":4640768,"data":[654378,668210],"involuntary_cs":112,"num_iters":1},{"name":"SuperChars i1j","voluntary_cs":0,"max_rss":4640768,"data":[657540,670516],"involuntary_cs":125,"num_iters":1}],"type":"num_iters","name":"SuperChars"}