{"series":[{"name":"TypeFlood i1a","voluntary_cs":0,"max_rss":4624384,"data":[2,0],"involuntary_cs":5,"num_iters":1},{"name":"TypeFlood i1b","voluntary_cs":0,"max_rss":4612096,"data":[2,1],"involuntary_cs":2,"num_iters":1},{"name":"TypeFlood i1c","voluntary_cs":1,"max_rss":4612096,"data":[2,0],"involuntary_cs":3,"num_iters":1},{"name":"TypeFlood i1d","voluntary_cs":0,"max_rss":4612096,"data":[2,1],"involuntary_cs":3,"num_iters":1},{"name":"TypeFlood i1e","voluntary_cs":0,"max_rss":4612096,"data":[2,0],"involuntary_cs":3,"num_iters":1},{"name":"TypeFlood i1f","voluntary_cs":0,"max_rss":4624384,"data":[1,0],"involuntary_cs":5,"num_iters":1},{"name":"TypeFlood i1g","voluntary_cs":0,"max_rss":4624384,"data":[2,0],"involuntary_cs":3,"num_iters":1},{"name":"TypeFlood i1h","voluntary_cs":0,"max_rss":4612096,"data":[2,0],"involuntary_cs":3,"num_iters":1},{"name":"TypeFlood i1i","voluntary_cs":0,"max_rss":4612096,"data":[2,0],"involuntary_cs":4,"num_iters":1},{"name":"TypeFlood i1j","voluntary_cs":0,"max_rss":4612096,"data":[2,0],"involuntary_cs":2,"num_iters":1}],"type":"num_iters","name":"TypeFlood"}